0.186,0.397,0.08,0.195,0.092,0.099,0.035,0.24,0.543,0.114,0.646,5.0
0.221,0.212,0.42,0.315,0.097,0.394,0.435,0.531,0.535,0.234,0.323,5.0
0.389,0.479,0.14,0.116,0.129,0.113,0.06,0.612,0.512,0.18,0.215,5.0
0.23,0.185,0.44,0.116,0.09,0.296,0.148,0.358,0.441,0.305,0.477,6.0
0.327,0.151,0.4,0.103,0.088,0.324,0.148,0.402,0.472,0.317,0.4,6.0
0.239,0.589,0.05,0.082,0.082,0.268,0.152,0.512,0.449,0.132,0.2,3.0
0.407,0.315,0.2,0.144,0.115,0.197,0.385,0.582,0.386,0.156,0.169,5.0
0.496,0.199,0.43,0.089,0.164,0.141,0.11,0.529,0.331,0.204,0.369,5.0
0.257,0.445,0.2,0.493,0.144,0.408,0.304,0.65,0.362,0.15,0.123,5.0
0.195,0.322,0.06,0.349,0.08,0.141,0.042,0.45,0.528,0.156,0.369,7.0
0.646,0.394,0.53,0.171,0.194,0.085,0.053,0.67,0.339,0.305,0.585,7.0
0.265,0.185,0.31,0.096,0.117,0.31,0.23,0.597,0.614,0.192,0.2,5.0
0.327,0.096,0.42,0.075,0.114,0.141,0.074,0.538,0.37,0.281,0.154,6.0
0.283,0.295,0.35,0.089,0.104,0.282,0.212,0.538,0.402,0.138,0.123,5.0
0.363,0.452,0.51,0.055,0.673,0.155,0.212,0.452,0.205,0.503,0.123,5.0
0.31,0.452,0.23,0.116,0.078,0.056,0.032,0.509,0.496,0.138,0.446,5.0
0.363,0.39,0.0,0.158,0.12,0.169,0.095,0.67,0.488,0.072,0.154,5.0
0.168,0.151,0.27,0.13,0.092,0.099,0.134,0.277,0.37,0.138,0.554,6.0
0.389,0.192,0.43,0.103,0.093,0.394,0.141,0.311,0.362,0.162,0.585,6.0
0.381,0.192,0.51,0.116,0.067,0.169,0.074,0.362,0.457,0.341,0.769,7.0
0.646,0.315,0.58,0.068,0.098,0.056,0.042,0.582,0.276,0.18,0.246,6.0
0.195,0.449,0.0,0.144,0.15,0.099,0.06,0.472,0.559,0.138,0.354,5.0
0.212,0.301,0.17,0.055,0.088,0.197,0.064,0.372,0.551,0.21,0.331,7.0
0.195,0.199,0.31,0.541,0.12,0.352,0.138,0.6,0.504,0.186,0.262,6.0
0.389,0.219,0.49,0.103,0.11,0.352,0.406,0.568,0.386,0.15,0.123,5.0
0.124,0.26,0.0,0.034,0.075,0.197,0.071,0.324,0.488,0.072,0.169,5.0
0.372,0.322,0.18,0.137,0.129,0.155,0.24,0.537,0.315,0.126,0.154,5.0
0.283,0.342,0.05,0.096,0.112,0.07,0.042,0.535,0.433,0.18,0.138,5.0
0.301,0.408,0.22,0.096,0.105,0.169,0.265,0.5,0.394,0.126,0.169,6.0
0.336,0.322,0.29,0.116,0.162,0.423,0.399,0.583,0.323,0.102,0.108,5.0
0.221,0.493,0.02,0.24,0.14,0.056,0.025,0.509,0.528,0.144,0.4,4.0
0.265,0.199,0.33,0.11,0.11,0.07,0.06,0.413,0.441,0.15,0.431,5.0
0.292,0.158,0.46,0.185,0.11,0.197,0.11,0.531,0.48,0.317,0.677,8.0
0.212,0.164,0.21,0.096,0.124,0.268,0.208,0.405,0.52,0.126,0.262,6.0
0.221,0.301,0.14,0.048,0.11,0.085,0.042,0.43,0.417,0.174,0.138,5.0
0.195,0.377,0.0,0.068,0.114,0.296,0.117,0.51,0.52,0.246,0.2,5.0
0.292,0.116,0.49,0.089,0.14,0.282,0.187,0.519,0.449,0.204,0.262,6.0
0.619,0.315,0.66,0.089,0.104,0.127,0.145,0.788,0.402,0.144,0.092,3.0
0.416,0.247,0.29,0.082,0.192,0.07,0.035,0.494,0.378,0.234,0.431,5.0
0.204,0.442,0.02,0.096,0.085,0.479,0.201,0.546,0.654,0.269,0.231,5.0
0.221,0.432,0.01,0.089,0.078,0.141,0.042,0.173,0.512,0.042,0.677,6.0
0.212,0.26,0.25,0.075,0.097,0.028,0.057,0.457,0.402,0.18,0.123,5.0
0.301,0.226,0.23,0.089,0.137,0.211,0.081,0.45,0.37,0.096,0.277,6.0
0.354,0.281,0.22,0.075,0.147,0.085,0.074,0.487,0.362,0.138,0.277,6.0
0.381,0.247,0.53,0.212,0.149,0.028,0.014,0.425,0.37,0.156,0.569,7.0
0.15,0.267,0.13,0.096,0.107,0.394,0.12,0.416,0.535,0.251,0.4,6.0
0.088,0.342,0.03,0.041,0.114,0.07,0.025,0.36,0.724,0.174,0.262,4.0
0.115,0.219,0.0,0.048,0.05,0.028,0.018,0.318,0.583,0.311,0.508,6.0
0.336,0.116,0.4,0.055,0.092,0.099,0.049,0.438,0.512,0.162,0.323,5.0
0.133,0.322,0.01,0.082,0.073,0.056,0.025,0.341,0.614,0.138,0.462,5.0
0.301,0.205,0.32,0.11,0.114,0.352,0.41,0.583,0.378,0.443,0.2,5.0
0.398,0.116,0.33,0.079,0.085,0.169,0.074,0.374,0.409,0.305,0.508,7.0
0.186,0.315,0.08,0.062,0.142,0.197,0.208,0.428,0.425,0.126,0.123,5.0
0.177,0.336,0.01,0.068,0.114,0.099,0.067,0.543,0.748,0.24,0.323,5.0
0.159,0.377,0.08,0.082,0.055,0.254,0.148,0.355,0.591,0.096,0.462,6.0
0.265,0.199,0.24,0.062,0.114,0.042,0.018,0.45,0.425,0.156,0.169,5.0
0.23,0.164,0.46,0.082,0.104,0.324,0.134,0.387,0.52,0.311,0.4,7.0
0.292,0.26,0.33,0.075,0.12,0.197,0.484,0.494,0.362,0.132,0.169,5.0
0.611,0.205,0.48,0.116,0.109,0.099,0.049,0.62,0.276,0.12,0.4,5.0
0.221,0.212,0.42,0.315,0.098,0.38,0.431,0.531,0.535,0.228,0.323,5.0
0.416,0.164,0.39,0.041,0.114,0.563,0.173,0.474,0.575,0.24,0.385,6.0
0.743,0.137,0.65,0.116,0.135,0.197,0.145,0.7,0.244,0.168,0.338,5.0
0.743,0.24,0.49,0.233,0.122,0.07,0.145,0.883,0.441,0.21,0.662,6.0
0.23,0.49,0.0,0.075,0.257,0.042,0.018,0.441,0.512,0.114,0.246,5.0
0.469,0.26,0.24,0.096,0.152,0.07,0.028,0.568,0.472,0.114,0.246,4.0
0.363,0.233,0.31,0.11,0.19,0.324,0.205,0.543,0.283,0.246,0.185,5.0
0.239,0.322,0.26,0.432,0.097,0.479,0.406,0.59,0.496,0.096,0.154,5.0
0.301,0.144,0.53,0.11,0.132,0.239,0.261,0.553,0.496,0.281,0.185,6.0
0.221,0.151,0.28,0.075,0.117,0.423,0.219,0.504,0.559,0.09,0.154,5.0
0.354,0.414,0.24,0.39,0.175,0.423,0.452,0.832,0.457,0.443,0.138,5.0
0.381,0.336,0.49,0.075,0.431,0.31,0.367,0.523,0.299,0.413,0.138,5.0
0.699,0.233,0.63,0.075,0.098,0.07,0.032,0.641,0.197,0.323,0.277,5.0
0.372,0.219,0.49,0.13,0.119,0.239,0.371,0.597,0.441,0.162,0.169,5.0
0.611,0.041,0.51,0.212,0.154,0.042,0.06,0.7,0.425,0.383,0.262,6.0
0.381,0.247,0.24,0.134,0.137,0.479,0.353,0.597,0.283,0.12,0.123,5.0
0.257,0.199,0.15,0.192,0.154,0.394,0.311,0.572,0.315,0.15,0.108,5.0
0.274,0.575,0.2,0.075,0.058,0.197,0.191,0.399,0.488,0.066,0.385,5.0
0.451,0.281,0.6,0.075,0.045,0.056,0.046,0.424,0.441,0.317,0.615,6.0
0.425,0.322,0.14,0.075,0.12,0.338,0.148,0.59,0.315,0.138,0.2,5.0
0.522,0.212,0.35,0.164,0.134,0.324,0.226,0.581,0.37,0.216,0.323,6.0
0.177,0.274,0.04,0.089,0.095,0.099,0.032,0.406,0.52,0.18,0.154,6.0
0.398,0.442,0.04,0.048,0.11,0.042,0.028,0.582,0.433,0.126,0.2,4.0
0.062,0.308,0.01,0.055,0.07,0.056,0.074,0.244,0.654,0.305,0.631,7.0
0.248,0.397,0.0,0.068,0.107,0.141,0.099,0.568,0.606,0.138,0.154,5.0
0.389,0.315,0.25,0.13,0.105,0.113,0.346,0.567,0.386,0.144,0.2,5.0
0.327,0.144,0.42,0.096,0.097,0.113,0.049,0.308,0.504,0.263,0.662,7.0
0.274,0.342,0.04,0.199,0.12,0.338,0.138,0.568,0.472,0.12,0.169,5.0
0.398,0.062,0.37,0.048,0.092,0.07,0.014,0.4,0.386,0.15,0.415,7.0
0.681,0.103,0.49,0.151,0.112,0.38,0.141,0.678,0.362,0.281,0.277,6.0
0.239,0.318,0.18,0.103,0.11,0.197,0.191,0.463,0.449,0.126,0.215,5.0
0.522,0.267,0.64,0.103,0.159,0.07,0.032,0.531,0.276,0.198,0.523,7.0
0.265,0.212,0.31,0.082,0.095,0.169,0.24,0.421,0.409,0.126,0.231,6.0
0.292,0.363,0.01,0.11,0.11,0.225,0.113,0.457,0.472,0.246,0.508,7.0
0.035,0.178,0.01,0.048,0.06,0.352,0.191,0.057,0.756,0.251,0.862,6.0
0.398,0.329,0.0,0.068,0.077,0.056,0.014,0.56,0.346,0.18,0.308,6.0
0.124,0.26,0.0,0.034,0.075,0.197,0.071,0.324,0.488,0.072,0.169,5.0
0.283,0.26,0.3,0.068,0.105,0.099,0.057,0.428,0.449,0.138,0.308,6.0
0.363,0.274,0.09,0.11,0.132,0.268,0.152,0.553,0.472,0.317,0.338,7.0
0.611,0.199,0.52,0.144,0.114,0.394,0.173,0.736,0.409,0.329,0.4,5.0
0.858,0.13,0.74,0.062,0.105,0.07,0.032,0.788,0.094,0.275,0.0,6.0
0.407,0.322,0.24,0.164,0.149,0.268,0.145,0.641,0.409,0.204,0.185,5.0
0.265,0.425,0.0,0.068,0.147,0.07,0.021,0.377,0.488,0.156,0.4,5.0
0.425,0.26,0.34,0.185,0.117,0.056,0.028,0.634,0.433,0.114,0.354,6.0
0.274,0.096,0.3,0.055,0.078,0.268,0.113,0.355,0.433,0.084,0.369,6.0
0.265,1.0,0.0,0.082,0.209,0.056,0.011,0.344,0.598,0.042,0.385,3.0
0.221,0.233,0.14,0.13,0.107,0.197,0.11,0.453,0.488,0.096,0.354,5.0
0.195,0.39,0.0,0.322,0.187,0.282,0.184,0.707,0.567,0.234,0.277,5.0
0.513,0.144,0.63,0.13,0.12,0.056,0.057,0.714,0.409,0.246,0.431,7.0
0.23,0.202,0.36,0.075,0.115,0.169,0.138,0.523,0.583,0.186,0.123,5.0
0.274,0.432,0.27,0.199,0.164,0.465,0.293,0.482,0.394,0.072,0.138,5.0
0.372,0.336,0.3,0.13,0.127,0.225,0.141,0.553,0.409,0.108,0.138,4.0
0.283,0.233,0.26,0.068,0.127,0.31,0.166,0.59,0.543,0.246,0.123,6.0
0.23,0.226,0.15,0.075,0.11,0.127,0.078,0.442,0.433,0.108,0.231,6.0
0.398,0.384,0.11,0.13,0.135,0.141,0.134,0.647,0.449,0.132,0.169,6.0
0.372,0.329,0.29,0.089,0.144,0.056,0.032,0.641,0.488,0.096,0.108,5.0
0.195,0.164,0.32,0.062,0.092,0.042,0.007,0.2,0.488,0.132,0.677,7.0
0.23,0.37,0.03,0.096,0.11,0.211,0.283,0.54,0.622,0.144,0.2,5.0
0.602,0.233,0.5,0.123,0.184,0.042,0.039,0.773,0.307,0.222,0.277,5.0
0.133,0.192,0.16,0.062,0.095,0.141,0.067,0.399,0.535,0.246,0.262,7.0
0.257,0.178,0.57,0.096,0.157,0.056,0.021,0.439,0.488,0.132,0.462,6.0
0.416,0.164,0.39,0.041,0.114,0.563,0.173,0.474,0.575,0.24,0.385,6.0
0.628,0.11,0.47,0.055,0.07,0.225,0.092,0.499,0.323,0.204,0.338,7.0
0.195,0.455,0.0,0.103,0.154,0.183,0.085,0.479,0.614,0.132,0.354,6.0
0.186,0.507,0.07,0.075,0.147,0.268,0.18,0.434,0.677,0.246,0.508,6.0
0.283,0.315,0.13,0.082,0.15,0.225,0.106,0.318,0.394,0.12,0.431,6.0
0.115,0.36,0.12,0.075,0.105,0.437,0.134,0.396,0.654,0.228,0.277,5.0
0.319,0.322,0.0,0.11,0.135,0.254,0.184,0.744,0.598,0.192,0.138,6.0
0.053,0.151,0.0,0.062,0.063,0.366,0.201,0.112,0.74,0.275,0.862,6.0
0.398,0.068,0.24,0.082,0.11,0.0,0.078,0.656,0.528,0.323,0.292,6.0
0.204,0.301,0.03,0.041,0.124,0.493,0.141,0.378,0.622,0.144,0.338,5.0
0.389,0.247,0.32,0.13,0.12,0.282,0.41,0.612,0.457,0.174,0.154,5.0
0.336,0.428,0.11,0.068,0.13,0.211,0.201,0.472,0.354,0.293,0.185,5.0
0.336,0.185,0.1,0.055,0.105,0.07,0.067,0.421,0.276,0.06,0.2,6.0
0.257,0.295,0.24,0.075,0.11,0.127,0.078,0.604,0.559,0.269,0.169,6.0
0.717,0.329,0.49,0.13,0.105,0.056,0.046,0.685,0.315,0.144,0.462,5.0
0.097,0.692,0.09,0.041,0.267,0.085,0.046,0.289,0.598,0.09,0.215,4.0
0.23,0.342,0.06,0.11,0.11,0.225,0.276,0.543,0.606,0.12,0.2,5.0
0.416,0.449,0.27,0.13,0.11,0.324,0.177,0.612,0.449,0.204,0.338,6.0
0.23,0.171,0.32,0.075,0.083,0.197,0.078,0.34,0.386,0.24,0.446,7.0
0.274,0.185,0.12,0.055,0.142,0.254,0.074,0.432,0.331,0.096,0.154,5.0
0.398,0.356,0.23,0.151,0.139,0.169,0.113,0.714,0.425,0.156,0.2,5.0
0.345,0.37,0.2,0.082,0.142,0.31,0.378,0.533,0.307,0.09,0.123,5.0
0.442,0.384,0.24,0.089,0.125,0.056,0.078,0.641,0.315,0.162,0.277,5.0
0.177,0.26,0.04,0.082,0.093,0.07,0.028,0.399,0.512,0.186,0.154,6.0
0.212,0.387,0.0,0.068,0.145,0.113,0.057,0.44,0.472,0.162,0.2,5.0
0.31,0.301,0.28,0.055,0.594,0.211,0.177,0.494,0.291,0.569,0.138,5.0
0.319,0.545,0.27,0.082,0.127,0.085,0.06,0.45,0.409,0.084,0.246,4.0
0.133,0.151,0.25,0.062,0.12,0.042,0.078,0.336,0.488,0.066,0.262,5.0
0.345,0.137,0.42,0.096,0.105,0.155,0.046,0.314,0.315,0.228,0.523,7.0
0.504,0.137,0.45,0.377,0.102,0.056,0.025,0.553,0.386,0.293,0.646,8.0
0.283,0.281,0.04,0.055,0.107,0.225,0.088,0.465,0.465,0.138,0.246,6.0
0.381,0.342,0.18,0.199,0.274,0.718,0.491,0.626,0.331,0.329,0.123,5.0
0.283,0.438,0.04,0.096,0.134,0.197,0.17,0.509,0.409,0.192,0.215,5.0
0.389,0.329,0.29,0.075,0.095,0.437,0.237,0.475,0.472,0.144,0.246,5.0
0.602,0.329,0.49,0.123,0.122,0.127,0.124,0.685,0.323,0.18,0.323,6.0
0.54,0.192,0.48,0.082,0.189,0.197,0.152,0.582,0.228,0.287,0.2,6.0
0.186,0.356,0.23,0.082,0.114,0.141,0.399,0.39,0.488,0.222,0.385,5.0
0.204,0.288,0.04,0.144,0.109,0.085,0.074,0.634,0.748,0.347,0.154,6.0
0.434,0.301,0.33,0.103,0.129,0.479,0.216,0.523,0.425,0.24,0.523,7.0
0.487,0.212,0.4,0.116,0.134,0.169,0.163,0.607,0.378,0.186,0.246,7.0
0.398,0.11,0.48,0.062,0.092,0.352,0.141,0.487,0.457,0.425,0.338,6.0
0.292,0.411,0.17,0.116,0.14,0.268,0.113,0.568,0.52,0.12,0.169,5.0
0.381,0.26,0.21,0.089,0.127,0.282,0.117,0.503,0.465,0.299,0.415,6.0
0.088,0.13,0.78,0.89,0.104,0.31,0.304,0.492,0.512,0.09,0.323,6.0
0.31,0.178,0.28,0.082,0.09,0.169,0.085,0.494,0.386,0.24,0.2,7.0
0.115,0.336,0.08,0.082,0.098,0.211,0.064,0.271,0.646,0.263,0.415,6.0
0.195,0.356,0.1,0.082,0.122,0.239,0.336,0.406,0.472,0.114,0.277,5.0
0.496,0.164,0.64,0.137,0.184,0.127,0.124,0.582,0.386,0.198,0.631,6.0
0.248,0.116,0.38,0.055,0.083,0.113,0.085,0.494,0.528,0.12,0.169,6.0
0.442,0.521,0.28,0.103,0.124,0.408,0.498,0.575,0.394,0.12,0.154,5.0
0.248,0.253,0.19,0.144,0.109,0.211,0.11,0.479,0.496,0.108,0.323,5.0
0.372,0.103,0.39,0.075,0.147,0.268,0.074,0.396,0.323,0.216,0.431,6.0
0.301,0.404,0.0,0.116,0.114,0.141,0.099,0.553,0.551,0.12,0.169,5.0
0.327,0.336,0.3,0.082,0.12,0.141,0.155,0.523,0.52,0.168,0.277,6.0
0.637,0.144,0.49,0.171,0.135,0.746,0.261,0.744,0.441,0.257,0.354,7.0
0.221,0.233,0.2,0.068,0.109,0.38,0.17,0.406,0.496,0.186,0.308,6.0
0.274,0.408,0.01,0.082,0.087,0.423,0.131,0.267,0.528,0.144,0.523,6.0
0.265,0.459,0.21,0.096,0.125,0.282,0.219,0.399,0.299,0.066,0.123,5.0
0.496,0.377,0.39,0.068,0.07,0.07,0.039,0.553,0.339,0.084,0.246,5.0
0.186,0.247,0.08,0.082,0.087,0.239,0.099,0.4,0.465,0.186,0.2,5.0
0.319,0.267,0.24,0.075,0.112,0.211,0.283,0.556,0.472,0.186,0.169,6.0
0.221,0.404,0.0,0.068,0.114,0.183,0.102,0.523,0.575,0.132,0.154,5.0
0.221,0.322,0.0,0.089,0.11,0.352,0.134,0.378,0.535,0.21,0.369,6.0
0.434,0.421,0.1,0.082,0.112,0.07,0.088,0.626,0.386,0.138,0.262,6.0
0.204,0.185,0.24,0.082,0.15,0.042,0.004,0.334,0.551,0.15,0.462,4.0
0.425,0.387,0.26,0.103,0.117,0.31,0.484,0.568,0.425,0.132,0.154,5.0
0.496,0.151,0.48,0.082,0.067,0.056,0.011,0.331,0.362,0.216,0.569,7.0
0.319,0.185,0.38,0.041,0.077,0.127,0.081,0.45,0.409,0.246,0.215,5.0
0.478,0.158,0.45,0.11,0.134,0.268,0.29,0.669,0.323,0.06,0.154,5.0
0.23,0.26,0.18,0.082,0.098,0.155,0.088,0.554,0.614,0.234,0.185,6.0
0.354,0.134,0.4,0.089,0.112,0.028,0.0,0.371,0.417,0.204,0.538,6.0
0.195,0.301,0.22,0.062,0.104,0.197,0.064,0.316,0.52,0.293,0.431,6.0
0.389,0.233,0.23,0.13,0.134,0.38,0.346,0.604,0.283,0.138,0.123,5.0
0.177,0.219,0.09,0.089,0.085,0.113,0.042,0.321,0.535,0.216,0.446,6.0
0.743,0.24,0.49,0.233,0.122,0.07,0.145,0.883,0.441,0.21,0.662,6.0
0.186,0.233,0.24,0.055,0.109,0.239,0.099,0.347,0.512,0.162,0.338,6.0
0.212,0.342,0.08,0.062,0.107,0.099,0.064,0.568,0.583,0.12,0.092,5.0
0.381,0.305,0.34,0.144,0.135,0.211,0.375,0.714,0.504,0.168,0.169,5.0
0.354,0.205,0.39,0.062,0.093,0.07,0.021,0.374,0.48,0.216,0.508,8.0
0.363,0.442,0.22,0.096,0.087,0.113,0.127,0.457,0.283,0.132,0.154,5.0
0.221,0.329,0.0,0.062,0.104,0.211,0.099,0.523,0.575,0.222,0.231,6.0
0.283,0.137,0.44,0.123,0.154,0.099,0.039,0.532,0.465,0.269,0.4,7.0
0.133,0.315,0.23,0.11,0.053,0.211,0.226,0.253,0.567,0.192,0.631,6.0
0.292,0.442,0.0,0.075,0.12,0.113,0.057,0.449,0.465,0.21,0.385,6.0
0.646,0.315,0.66,0.11,0.1,0.07,0.11,0.67,0.244,0.138,0.246,5.0
0.327,0.096,0.42,0.075,0.114,0.141,0.074,0.538,0.37,0.281,0.154,6.0
0.062,0.24,0.11,0.089,0.06,0.211,0.293,0.128,0.63,0.329,0.795,7.0
0.425,0.151,0.37,0.089,0.105,0.056,0.025,0.582,0.378,0.174,0.123,5.0
0.327,0.253,0.36,0.062,0.351,0.07,0.035,0.582,0.346,0.162,0.169,6.0
0.274,0.301,0.2,0.075,0.105,0.113,0.117,0.634,0.583,0.174,0.138,5.0
0.345,0.171,0.32,0.062,0.09,0.352,0.159,0.33,0.504,0.234,0.523,6.0
0.177,0.493,0.03,0.096,0.078,0.437,0.148,0.377,0.614,0.138,0.6,7.0
0.31,0.455,0.52,0.075,0.184,0.507,0.519,0.501,0.37,0.216,0.138,5.0
0.327,0.281,0.0,0.034,0.097,0.07,0.028,0.43,0.402,0.186,0.246,6.0
0.177,0.349,0.0,0.233,0.135,0.704,0.253,0.405,0.362,0.072,0.169,5.0
0.23,0.178,0.38,0.13,0.093,0.31,0.127,0.256,0.472,0.234,0.692,7.0
0.124,0.356,0.05,0.068,0.09,0.113,0.039,0.359,0.614,0.269,0.338,5.0
0.673,0.226,0.49,0.034,0.105,0.028,0.0,0.501,0.307,0.18,0.308,5.0
0.522,0.096,0.47,0.068,0.11,0.07,0.064,0.553,0.346,0.425,0.385,7.0
0.195,0.342,0.08,0.068,0.093,0.38,0.113,0.473,0.535,0.293,0.169,6.0
0.195,0.164,0.32,0.062,0.092,0.042,0.007,0.2,0.488,0.132,0.677,7.0
0.274,0.281,0.06,0.055,0.104,0.113,0.117,0.446,0.48,0.09,0.215,6.0
0.239,0.377,0.02,0.089,0.1,0.423,0.304,0.41,0.457,0.21,0.415,6.0
0.513,0.336,0.49,0.082,0.314,0.056,0.035,0.685,0.331,0.18,0.0,3.0
0.23,0.281,0.13,0.075,0.077,0.239,0.057,0.416,0.37,0.21,0.231,6.0
0.965,0.36,0.49,0.226,0.139,0.127,0.06,0.96,0.142,0.246,0.415,5.0
0.212,0.192,0.32,0.185,0.082,0.113,0.081,0.3,0.425,0.096,0.446,7.0
0.23,0.342,0.01,0.096,0.088,0.099,0.141,0.239,0.457,0.108,0.523,6.0
0.425,0.188,0.46,0.253,0.137,0.028,0.014,0.464,0.417,0.186,0.585,7.0
0.204,0.425,0.03,0.096,0.07,0.085,0.035,0.368,0.559,0.18,0.477,6.0
0.265,0.253,0.33,0.068,0.104,0.366,0.279,0.513,0.528,0.15,0.092,5.0
0.345,0.219,0.5,0.068,0.596,0.197,0.113,0.46,0.213,0.461,0.154,5.0
0.381,0.493,0.34,0.034,0.063,0.042,0.014,0.402,0.299,0.09,0.108,6.0
0.372,0.123,0.38,0.096,0.08,0.254,0.233,0.394,0.512,0.234,0.523,6.0
0.292,0.041,0.4,0.062,0.083,0.085,0.049,0.296,0.425,0.222,0.415,5.0
0.434,0.524,0.27,0.096,0.12,0.423,0.491,0.568,0.394,0.12,0.154,5.0
0.257,0.336,0.26,0.068,0.102,0.324,0.29,0.444,0.441,0.12,0.215,5.0
0.239,0.37,0.0,0.075,0.12,0.07,0.06,0.604,0.685,0.377,0.231,6.0
0.239,0.137,0.23,0.096,0.09,0.479,0.226,0.427,0.543,0.174,0.262,5.0
0.23,0.315,0.03,0.096,0.109,0.085,0.078,0.412,0.48,0.114,0.246,5.0
0.133,0.247,0.09,0.055,0.11,0.239,0.085,0.29,0.559,0.126,0.431,6.0
0.372,0.171,0.48,0.082,0.142,0.535,0.491,0.546,0.236,0.419,0.138,5.0
0.195,0.247,0.08,0.062,0.104,0.549,0.205,0.383,0.299,0.096,0.185,5.0
0.15,0.164,0.19,0.158,0.105,0.197,0.117,0.406,0.646,0.114,0.662,6.0
0.558,0.062,0.49,0.13,0.127,0.141,0.092,0.523,0.378,0.21,0.508,6.0
0.274,0.606,0.15,0.082,0.15,0.141,0.092,0.438,0.386,0.09,0.246,5.0
0.274,0.37,0.04,0.048,0.045,0.042,0.011,0.45,0.52,0.084,0.154,5.0
0.965,0.36,0.49,0.226,0.139,0.127,0.06,0.96,0.142,0.246,0.415,5.0
0.292,0.158,0.21,0.068,0.102,0.634,0.339,0.465,0.417,0.15,0.169,5.0
0.381,0.068,0.48,0.062,0.109,0.394,0.191,0.494,0.512,0.12,0.154,6.0
0.257,0.212,0.3,0.089,0.083,0.07,0.021,0.358,0.551,0.234,0.477,7.0
0.372,0.387,0.26,0.048,0.127,0.211,0.06,0.504,0.457,0.084,0.154,5.0
0.142,0.349,0.31,0.055,0.127,0.197,0.205,0.501,0.567,0.275,0.138,5.0
0.327,0.11,0.48,0.082,0.135,0.07,0.021,0.294,0.409,0.174,0.615,7.0
0.221,0.027,0.44,0.11,0.093,0.225,0.088,0.236,0.48,0.126,0.615,6.0
0.186,0.503,0.02,0.068,0.087,0.394,0.113,0.341,0.441,0.138,0.362,6.0
0.354,0.253,0.51,0.075,0.684,0.211,0.198,0.575,0.228,0.503,0.092,5.0
0.204,0.199,0.31,0.075,0.112,0.282,0.159,0.485,0.575,0.132,0.169,6.0
0.115,0.233,0.0,0.068,0.109,0.338,0.134,0.278,0.598,0.12,0.431,5.0
0.327,0.301,0.22,0.103,0.117,0.127,0.283,0.604,0.496,0.174,0.169,5.0
0.23,0.164,0.46,0.082,0.104,0.324,0.134,0.387,0.52,0.311,0.4,7.0
0.292,0.315,0.23,0.096,0.107,0.31,0.311,0.499,0.37,0.15,0.169,6.0
0.522,0.185,0.46,0.089,0.105,0.183,0.074,0.434,0.252,0.305,0.462,6.0
0.522,0.11,0.51,0.055,0.114,0.127,0.064,0.597,0.362,0.335,0.154,6.0
0.283,0.322,0.33,0.075,0.104,0.324,0.403,0.494,0.402,0.126,0.154,5.0
0.159,0.308,0.02,0.062,0.092,0.042,0.018,0.509,0.567,0.21,0.169,5.0
0.442,0.329,0.5,0.096,0.112,0.38,0.23,0.707,0.598,0.144,0.2,5.0
0.31,0.178,0.48,0.062,0.242,0.056,0.039,0.553,0.441,0.431,0.154,5.0
0.292,0.144,0.41,0.041,0.073,0.07,0.102,0.286,0.433,0.228,0.4,6.0
0.204,0.274,0.25,0.116,0.115,0.127,0.11,0.498,0.567,0.102,0.4,5.0
0.274,0.103,0.68,0.178,0.578,0.056,0.014,0.523,0.402,0.449,0.231,7.0
0.354,0.24,0.47,0.103,0.104,0.085,0.081,0.575,0.268,0.078,0.169,5.0
0.301,0.212,0.36,0.096,0.105,0.127,0.148,0.553,0.472,0.078,0.154,5.0
0.142,0.329,0.08,0.075,0.13,0.437,0.134,0.355,0.559,0.15,0.323,5.0
0.655,0.11,0.49,0.068,0.104,0.127,0.053,0.553,0.189,0.198,0.231,7.0
0.239,0.267,0.18,0.082,0.097,0.155,0.078,0.559,0.614,0.24,0.169,6.0
0.283,0.219,0.28,0.123,0.147,0.239,0.314,0.479,0.378,0.204,0.154,5.0
0.327,0.205,0.38,0.11,0.137,0.324,0.191,0.575,0.449,0.222,0.369,6.0
0.46,0.521,0.25,0.11,0.154,0.479,0.527,0.802,0.528,0.204,0.431,5.0
0.69,0.205,0.49,0.253,0.102,0.254,0.131,0.568,0.22,0.168,0.169,5.0
0.416,0.103,0.41,0.075,0.132,0.07,0.035,0.582,0.425,0.222,0.2,5.0
0.301,0.377,0.3,0.075,0.08,0.521,0.198,0.421,0.409,0.138,0.277,6.0
0.221,0.24,0.0,0.089,0.092,0.085,0.028,0.374,0.52,0.15,0.385,4.0
0.478,0.315,0.22,0.068,0.114,0.113,0.092,0.538,0.307,0.132,0.169,5.0
0.363,0.397,0.24,0.11,0.357,0.056,0.032,0.663,0.457,0.162,0.092,6.0
0.372,0.295,0.04,0.089,0.179,0.183,0.177,0.45,0.37,0.162,0.385,6.0
0.434,0.171,0.52,0.075,0.127,0.155,0.159,0.445,0.433,0.15,0.415,6.0
0.726,0.123,0.74,0.116,0.139,0.113,0.078,0.685,0.362,0.263,0.369,7.0
0.283,0.26,0.09,0.089,0.172,0.127,0.127,0.516,0.346,0.174,0.169,5.0
0.469,0.089,0.46,0.055,0.083,0.352,0.127,0.428,0.346,0.299,0.338,6.0
0.23,0.288,0.27,0.116,0.12,0.155,0.254,0.465,0.512,0.228,0.4,5.0
0.381,0.342,0.19,0.205,0.264,0.704,0.502,0.626,0.339,0.359,0.123,5.0
0.327,0.329,0.25,0.089,0.177,0.113,0.113,0.447,0.323,0.12,0.215,5.0
0.372,0.356,0.17,0.137,0.12,0.338,0.438,0.595,0.386,0.126,0.185,5.0
0.221,0.342,0.06,0.027,0.097,0.056,0.021,0.303,0.339,0.09,0.215,5.0
0.31,0.312,0.22,0.082,0.109,0.155,0.208,0.487,0.433,0.108,0.123,5.0
0.469,0.411,0.55,0.055,0.207,0.324,0.163,0.547,0.48,0.365,0.246,5.0
0.257,0.253,0.19,0.068,0.107,0.127,0.134,0.413,0.512,0.126,0.2,5.0
0.478,0.39,0.11,0.034,0.12,0.099,0.064,0.419,0.11,0.084,0.2,5.0
0.301,0.342,0.35,0.13,0.124,0.38,0.163,0.509,0.449,0.174,0.369,5.0
0.389,0.233,0.31,0.13,0.135,0.254,0.325,0.593,0.457,0.18,0.169,6.0
0.681,0.26,0.49,0.089,0.129,0.056,0.028,0.744,0.354,0.066,0.185,5.0
0.248,0.336,0.01,0.075,0.104,0.169,0.113,0.544,0.583,0.192,0.215,5.0
0.257,0.336,0.26,0.068,0.102,0.324,0.29,0.444,0.441,0.12,0.215,5.0
0.372,0.24,0.49,0.137,0.122,0.225,0.367,0.597,0.433,0.162,0.215,5.0
0.407,0.288,0.31,0.096,0.167,0.141,0.113,0.508,0.394,0.138,0.385,5.0
0.239,0.127,0.39,0.021,0.078,0.085,0.018,0.238,0.433,0.114,0.477,6.0
0.531,0.164,0.6,0.089,0.234,0.085,0.042,0.626,0.236,0.437,0.154,5.0
0.319,0.075,0.42,0.068,0.095,0.113,0.039,0.271,0.37,0.126,0.6,6.0
0.451,0.37,0.34,0.116,0.137,0.155,0.29,0.579,0.409,0.198,0.262,5.0
0.159,0.164,0.53,0.089,0.364,0.254,0.102,0.244,0.496,0.359,0.615,6.0
0.221,0.322,0.02,0.096,0.117,0.324,0.311,0.541,0.638,0.12,0.2,6.0
0.239,0.247,0.32,0.082,0.083,0.423,0.17,0.529,0.441,0.192,0.246,7.0
0.398,0.068,0.24,0.082,0.11,0.0,0.078,0.656,0.528,0.323,0.292,6.0
0.354,0.486,0.0,0.13,0.139,0.225,0.131,0.598,0.465,0.162,0.308,6.0
0.77,0.212,0.58,0.068,0.097,0.197,0.12,0.758,0.252,0.096,0.092,5.0
0.088,0.288,0.04,0.055,0.062,0.056,0.025,0.303,0.772,0.15,0.462,5.0
0.212,0.205,0.35,0.048,0.127,0.211,0.117,0.443,0.472,0.132,0.123,5.0
0.23,0.36,0.0,0.068,0.142,0.197,0.117,0.49,0.496,0.15,0.123,6.0
0.248,0.353,0.1,0.103,0.114,0.211,0.095,0.535,0.661,0.216,0.369,7.0
0.549,0.527,0.3,0.116,0.2,0.085,0.191,0.572,0.197,0.509,0.277,5.0
0.354,0.068,0.36,0.068,0.087,0.732,0.251,0.438,0.575,0.323,0.4,7.0
0.301,0.205,0.17,0.075,0.102,0.07,0.042,0.523,0.433,0.168,0.123,6.0
0.31,0.291,0.18,0.068,0.114,0.169,0.102,0.523,0.441,0.156,0.092,6.0
0.425,0.103,0.53,0.103,0.104,0.07,0.042,0.45,0.362,0.479,0.554,7.0
0.212,0.26,0.14,0.062,0.11,0.127,0.06,0.462,0.622,0.168,0.308,5.0
0.257,0.274,0.16,0.068,0.122,0.155,0.102,0.494,0.504,0.174,0.169,7.0
0.071,0.315,0.08,0.068,0.078,0.268,0.088,0.35,0.598,0.186,0.277,6.0
0.053,0.253,0.26,0.096,0.13,0.31,0.24,0.384,0.764,0.174,0.585,6.0
0.088,0.13,0.37,0.034,0.104,0.155,0.318,0.391,0.457,0.15,0.123,5.0
0.248,0.384,0.16,0.062,0.11,0.155,0.117,0.56,0.598,0.222,0.231,6.0
0.434,0.295,0.66,0.096,0.626,0.155,0.11,0.597,0.339,0.204,0.185,5.0
0.363,0.39,0.31,0.144,0.124,0.31,0.265,0.744,0.583,0.246,0.492,6.0
0.204,0.349,0.02,0.068,0.11,0.239,0.085,0.518,0.52,0.251,0.215,5.0
0.035,0.425,0.0,0.021,0.048,0.211,0.141,0.184,1.0,0.156,0.631,6.0
0.212,0.39,0.0,0.068,0.17,0.028,0.014,0.462,0.48,0.162,0.2,6.0
0.496,0.116,0.49,0.116,0.078,0.056,0.025,0.553,0.244,0.246,0.323,7.0
0.46,0.089,0.49,0.123,0.127,0.197,0.095,0.597,0.535,0.341,0.246,6.0
0.195,0.349,0.12,0.199,0.145,0.211,0.424,0.501,0.425,0.168,0.169,5.0
0.407,0.13,0.36,0.089,0.112,0.141,0.088,0.446,0.465,0.317,0.554,7.0
0.221,0.281,0.07,0.055,0.098,0.197,0.064,0.369,0.433,0.198,0.369,6.0
0.442,0.178,0.31,0.11,0.14,0.211,0.152,0.597,0.354,0.222,0.246,7.0
0.496,0.116,0.65,0.103,0.105,0.07,0.039,0.41,0.378,0.18,0.523,6.0
0.257,0.267,0.02,0.055,0.12,0.169,0.088,0.39,0.488,0.126,0.323,6.0
0.248,0.185,0.48,0.075,0.117,0.183,0.216,0.523,0.472,0.132,0.123,5.0
0.212,0.421,0.05,0.075,0.115,0.169,0.17,0.479,0.512,0.144,0.215,5.0
0.062,0.408,0.19,0.041,0.249,0.085,0.198,0.285,0.693,0.168,0.4,5.0
0.301,0.401,0.05,0.068,0.104,0.099,0.046,0.45,0.472,0.371,0.323,6.0
0.31,0.116,0.36,0.089,0.06,0.479,0.166,0.362,0.417,0.407,0.615,7.0
0.221,0.39,0.04,0.082,0.093,0.254,0.074,0.518,0.551,0.204,0.215,5.0
0.327,0.096,0.37,0.034,0.107,0.099,0.06,0.538,0.409,0.222,0.185,6.0
0.708,0.178,0.66,0.116,0.127,0.127,0.124,0.802,0.339,0.21,0.215,6.0
0.212,0.342,0.18,0.041,0.083,0.085,0.155,0.369,0.268,0.162,0.138,5.0
0.283,0.36,0.0,0.315,0.124,0.056,0.042,0.626,0.52,0.132,0.185,6.0
0.54,0.158,0.53,0.116,0.097,0.056,0.035,0.523,0.323,0.192,0.4,8.0
0.407,0.233,0.23,0.116,0.132,0.239,0.251,0.672,0.323,0.108,0.154,5.0
0.23,0.377,0.0,0.089,0.093,0.127,0.064,0.406,0.535,0.234,0.415,6.0
0.336,0.353,0.36,0.075,0.129,0.197,0.173,0.542,0.449,0.144,0.308,4.0
0.239,0.541,0.1,0.062,0.104,0.268,0.177,0.488,0.48,0.138,0.123,5.0
0.221,0.432,0.01,0.089,0.078,0.141,0.042,0.173,0.512,0.042,0.677,6.0
0.283,0.185,0.42,0.075,0.124,0.113,0.053,0.381,0.512,0.198,0.492,6.0
0.496,0.164,0.64,0.137,0.184,0.127,0.124,0.582,0.386,0.198,0.631,6.0
0.212,0.39,0.07,0.11,0.132,0.197,0.053,0.415,0.504,0.162,0.446,6.0
0.257,0.349,0.27,0.075,0.119,0.225,0.3,0.447,0.409,0.15,0.215,6.0
0.389,0.455,0.24,0.055,0.11,0.127,0.053,0.503,0.433,0.204,0.246,5.0
0.442,0.445,0.12,0.137,0.117,0.408,0.24,0.63,0.441,0.186,0.308,6.0
0.142,0.185,0.43,0.075,0.098,0.183,0.064,0.309,0.559,0.323,0.431,7.0
0.336,0.342,0.12,0.062,0.1,0.521,0.141,0.365,0.504,0.335,0.523,6.0
0.274,0.288,0.26,0.068,0.129,0.31,0.498,0.462,0.409,0.156,0.2,5.0
0.558,0.137,0.52,0.062,0.2,0.225,0.134,0.534,0.425,0.263,0.477,6.0
0.195,0.267,0.01,0.082,0.104,0.113,0.067,0.421,0.465,0.138,0.169,6.0
0.195,0.486,0.09,0.062,0.104,0.042,0.067,0.387,0.504,0.072,0.185,5.0
0.575,0.158,0.48,0.151,0.13,0.056,0.053,0.626,0.339,0.12,0.323,5.0
0.186,0.342,0.21,0.068,0.112,0.099,0.198,0.509,0.614,0.15,0.138,6.0
0.239,0.247,0.32,0.082,0.083,0.423,0.17,0.529,0.441,0.192,0.246,7.0
0.274,0.545,0.12,0.089,0.219,0.085,0.06,0.465,0.48,0.192,0.277,7.0
0.442,0.144,0.52,0.089,0.104,0.169,0.067,0.369,0.488,0.257,0.615,7.0
0.345,0.11,0.35,0.055,0.082,0.07,0.032,0.38,0.441,0.246,0.523,7.0
0.327,0.363,0.1,0.137,0.129,0.225,0.12,0.584,0.433,0.132,0.169,5.0
0.115,0.336,0.08,0.082,0.098,0.211,0.064,0.271,0.646,0.263,0.415,6.0
0.372,0.336,0.14,0.103,0.092,0.127,0.127,0.501,0.354,0.156,0.169,5.0
0.168,0.267,0.15,0.144,0.087,0.155,0.074,0.208,0.465,0.156,0.677,6.0
0.195,0.336,0.04,0.041,0.075,0.056,0.014,0.38,0.535,0.162,0.169,5.0
0.398,0.455,0.0,0.116,0.135,0.141,0.078,0.685,0.488,0.317,0.154,6.0
0.345,0.151,0.4,0.26,0.072,0.028,0.011,0.537,0.504,0.198,0.492,7.0
0.248,0.349,0.07,0.103,0.13,0.141,0.11,0.575,0.543,0.257,0.2,6.0
0.204,0.26,0.04,0.041,0.122,0.254,0.152,0.421,0.48,0.269,0.169,5.0
0.416,0.171,0.44,0.048,0.043,0.282,0.127,0.381,0.394,0.287,0.369,7.0
0.292,0.171,0.23,0.062,0.109,0.31,0.152,0.457,0.425,0.204,0.138,5.0
0.646,0.178,0.49,0.123,0.144,0.155,0.127,0.758,0.331,0.168,0.292,5.0
0.204,0.199,0.33,0.089,0.115,0.296,0.106,0.355,0.528,0.251,0.415,6.0
0.204,0.164,0.25,0.103,0.144,0.056,0.035,0.465,0.528,0.162,0.262,6.0
0.195,0.377,0.15,0.062,0.177,0.169,0.049,0.391,0.535,0.204,0.446,6.0
0.779,0.103,0.62,0.116,0.117,0.07,0.053,0.744,0.331,0.204,0.2,6.0
0.239,0.127,0.39,0.021,0.078,0.085,0.018,0.238,0.433,0.114,0.477,6.0
0.257,0.281,0.06,0.116,0.124,0.268,0.134,0.472,0.504,0.156,0.354,6.0
0.478,0.219,0.49,0.123,0.109,0.141,0.046,0.457,0.386,0.18,0.492,7.0
0.195,0.476,0.0,0.021,0.426,0.211,0.081,0.341,0.457,0.108,0.215,3.0
0.442,0.445,0.12,0.137,0.117,0.408,0.24,0.63,0.441,0.186,0.308,6.0
0.593,0.342,0.67,0.295,0.124,0.07,0.046,0.641,0.378,0.216,0.769,8.0
0.319,0.353,0.1,0.082,0.102,0.338,0.191,0.463,0.433,0.251,0.385,6.0
0.159,0.308,0.12,0.096,0.18,0.338,0.106,0.376,0.575,0.228,0.446,7.0
0.327,0.363,0.1,0.137,0.129,0.225,0.12,0.584,0.433,0.132,0.169,5.0
0.504,0.26,0.42,0.075,0.095,0.282,0.159,0.597,0.331,0.234,0.477,6.0
0.602,0.164,0.69,0.082,0.13,0.07,0.053,0.729,0.339,0.174,0.123,6.0
0.611,0.041,0.51,0.212,0.154,0.042,0.06,0.7,0.425,0.383,0.262,6.0
0.292,0.267,0.25,0.137,0.109,0.282,0.138,0.538,0.591,0.377,0.569,6.0
0.265,0.384,0.02,0.027,0.1,0.113,0.049,0.472,0.339,0.449,0.123,4.0
0.23,0.329,0.04,0.11,0.107,0.239,0.29,0.542,0.622,0.132,0.169,5.0
0.239,0.144,0.47,0.082,0.109,0.056,0.018,0.421,0.465,0.12,0.292,6.0
0.372,0.336,0.19,0.212,0.137,0.408,0.223,0.573,0.378,0.102,0.246,6.0
0.212,0.212,0.3,0.075,0.122,0.07,0.117,0.249,0.465,0.078,0.538,6.0
0.354,0.253,0.28,0.068,0.164,0.268,0.459,0.523,0.15,0.97,0.231,6.0
0.487,0.171,0.34,0.103,0.122,0.056,0.039,0.496,0.339,0.192,0.338,7.0
0.434,0.452,0.22,0.068,0.109,0.07,0.092,0.641,0.409,0.138,0.338,6.0
0.212,0.428,0.12,0.062,0.17,0.197,0.205,0.427,0.378,0.156,0.169,6.0
0.257,0.192,0.18,0.048,0.112,0.324,0.184,0.472,0.472,0.15,0.154,5.0
0.513,0.219,0.42,0.041,0.222,0.465,0.148,0.606,0.504,0.317,0.231,3.0
0.593,0.151,0.45,0.075,0.117,0.07,0.032,0.641,0.157,0.198,0.123,6.0
0.611,0.134,0.54,0.082,0.12,0.056,0.032,0.634,0.189,0.222,0.123,6.0
0.345,0.192,0.4,0.37,0.063,0.028,0.014,0.41,0.425,0.138,0.554,4.0
0.292,0.192,0.29,0.062,0.242,0.0,0.134,0.531,0.441,0.353,0.169,6.0
0.319,0.151,0.37,0.068,0.075,0.592,0.24,0.294,0.386,0.287,0.554,6.0
0.168,0.349,0.33,0.062,0.078,0.211,0.078,0.385,0.488,0.186,0.262,6.0
0.425,0.26,0.34,0.185,0.117,0.056,0.028,0.634,0.433,0.114,0.354,6.0
0.372,0.123,0.38,0.096,0.08,0.254,0.233,0.394,0.512,0.234,0.523,6.0
0.283,0.288,0.26,0.075,0.127,0.31,0.148,0.59,0.528,0.246,0.123,6.0
0.239,0.363,0.0,0.021,0.088,0.197,0.053,0.333,0.512,0.084,0.246,7.0
0.239,0.425,0.08,0.055,0.137,0.127,0.138,0.418,0.394,0.102,0.215,5.0
0.451,0.295,0.17,0.137,0.125,0.268,0.166,0.758,0.315,0.168,0.154,5.0
0.283,0.212,0.7,0.068,0.755,0.296,0.216,0.538,0.307,0.569,0.154,5.0
0.292,0.411,0.01,0.068,0.107,0.085,0.092,0.485,0.512,0.126,0.185,5.0
0.381,0.178,0.4,0.089,0.093,0.155,0.078,0.352,0.417,0.251,0.646,7.0
0.195,0.301,0.03,0.055,0.12,0.239,0.102,0.494,0.551,0.18,0.246,6.0
0.345,0.253,0.11,0.096,0.12,0.113,0.216,0.494,0.339,0.12,0.154,5.0
0.186,0.11,0.28,0.103,0.0,0.493,0.332,0.042,0.409,0.036,0.508,7.0
0.212,0.329,0.3,0.247,0.093,0.268,0.367,0.666,0.441,0.503,0.277,5.0
0.381,0.322,0.5,0.075,0.543,0.366,0.265,0.465,0.236,0.766,0.169,6.0
0.248,0.158,0.33,0.103,0.093,0.113,0.071,0.34,0.488,0.162,0.538,6.0
0.248,0.425,0.07,0.055,0.124,0.197,0.148,0.363,0.299,0.09,0.246,5.0
0.159,0.192,0.23,0.048,0.09,0.056,0.021,0.421,0.472,0.138,0.123,5.0
0.354,0.36,0.25,0.075,0.119,0.099,0.078,0.593,0.425,0.162,0.246,6.0
0.593,0.164,0.66,0.103,0.185,0.028,0.007,0.466,0.362,0.12,0.538,6.0
0.204,0.493,0.21,0.219,0.104,0.211,0.208,0.613,0.622,0.234,0.128,6.0
0.283,0.274,0.25,0.068,0.115,0.183,0.113,0.612,0.543,0.192,0.092,6.0
0.248,0.281,0.26,0.075,0.149,0.211,0.233,0.413,0.323,0.144,0.154,5.0
0.496,0.205,0.57,0.171,0.097,0.042,0.014,0.516,0.236,0.18,0.185,5.0
0.283,0.397,0.06,0.068,0.112,0.268,0.102,0.456,0.52,0.216,0.385,5.0
0.186,0.247,0.02,0.089,0.114,0.493,0.371,0.38,0.283,0.12,0.2,5.0
0.142,0.356,0.09,0.11,0.115,0.197,0.071,0.39,0.654,0.18,0.554,5.0
0.212,0.075,0.4,0.048,0.085,0.282,0.216,0.377,0.598,0.18,0.415,5.0
0.257,0.329,0.03,0.062,0.139,0.338,0.329,0.362,0.48,0.126,0.262,5.0
0.522,0.267,0.64,0.103,0.159,0.07,0.032,0.531,0.276,0.198,0.523,7.0
0.168,0.233,0.14,0.103,0.17,0.113,0.11,0.532,0.724,0.192,0.215,5.0
0.469,0.192,0.53,0.397,0.142,0.07,0.046,0.626,0.417,0.293,0.508,7.0
0.54,0.233,0.39,0.075,0.082,0.085,0.032,0.59,0.346,0.174,0.169,5.0
0.451,0.12,0.4,0.041,0.102,0.183,0.053,0.403,0.315,0.108,0.385,6.0
0.487,0.13,0.35,0.048,0.105,0.113,0.078,0.488,0.394,0.299,0.431,7.0
0.381,0.428,0.18,0.11,0.109,0.197,0.148,0.537,0.362,0.084,0.2,6.0
0.416,0.366,0.26,0.075,0.14,0.056,0.102,0.537,0.402,0.054,0.185,5.0
0.265,0.267,0.15,0.13,0.164,0.451,0.237,0.399,0.339,0.18,0.277,6.0
0.478,0.137,0.59,0.089,0.109,0.028,0.032,0.685,0.362,0.269,0.185,5.0
0.186,0.432,0.01,0.103,0.11,0.225,0.092,0.399,0.638,0.168,0.677,6.0
0.212,0.315,0.28,0.267,0.122,0.155,0.223,0.46,0.457,0.222,0.4,6.0
0.92,0.062,0.44,0.089,0.105,0.127,0.064,0.733,0.26,0.305,0.123,7.0
0.283,0.281,0.01,0.048,0.109,0.028,0.046,0.362,0.331,0.078,0.215,5.0
0.319,0.205,0.49,0.116,0.12,0.437,0.173,0.641,0.472,0.251,0.046,6.0
0.257,0.308,0.02,0.116,0.109,0.141,0.102,0.404,0.488,0.174,0.369,6.0
0.15,0.384,0.01,0.192,0.152,0.437,0.17,0.425,0.606,0.198,0.446,6.0
0.416,0.178,0.48,0.199,0.2,0.028,0.018,0.419,0.386,0.144,0.738,6.0
0.088,0.37,0.0,0.089,0.125,0.028,0.018,0.272,0.764,0.18,0.677,7.0
0.071,0.425,0.09,0.055,0.129,0.211,0.071,0.29,0.732,0.138,0.492,6.0
0.248,0.26,0.47,0.075,0.124,0.282,0.237,0.509,0.488,0.144,0.108,5.0
0.584,0.377,0.55,0.096,0.12,0.07,0.025,0.729,0.339,0.228,0.169,6.0
0.23,0.349,0.0,0.068,0.142,0.183,0.113,0.49,0.496,0.15,0.092,6.0
0.301,0.089,0.43,0.055,0.092,0.296,0.155,0.333,0.504,0.162,0.538,6.0
0.389,0.342,0.04,0.068,0.224,0.366,0.297,0.612,0.331,0.222,0.154,5.0
0.584,0.26,0.74,0.291,0.147,0.056,0.039,0.7,0.378,0.174,0.431,5.0
0.46,0.589,0.32,0.096,0.11,0.479,0.516,0.582,0.402,0.09,0.154,5.0
0.407,0.212,0.52,0.096,0.119,0.183,0.06,0.553,0.48,0.168,0.446,6.0
0.381,0.0,0.45,0.062,0.105,0.127,0.053,0.4,0.528,0.257,0.538,7.0
0.257,0.435,0.0,0.068,0.12,0.07,0.021,0.488,0.472,0.096,0.2,4.0
0.265,0.253,0.33,0.068,0.104,0.366,0.279,0.513,0.528,0.15,0.092,5.0
0.283,0.521,0.0,0.116,0.144,0.338,0.216,0.494,0.362,0.21,0.215,5.0
0.292,0.291,0.06,0.212,0.125,0.366,0.194,0.472,0.488,0.204,0.354,6.0
0.124,0.26,0.0,0.034,0.075,0.197,0.071,0.324,0.488,0.072,0.169,5.0
0.195,0.24,0.08,0.089,0.087,0.239,0.113,0.401,0.441,0.192,0.185,6.0
0.248,0.329,0.26,0.082,0.119,0.225,0.3,0.447,0.433,0.138,0.215,6.0
0.186,0.288,0.13,0.075,0.107,0.197,0.106,0.531,0.685,0.186,0.215,5.0
0.478,0.247,0.24,0.123,0.15,0.169,0.092,0.729,0.425,0.138,0.246,6.0
0.142,0.363,0.06,0.048,0.063,0.07,0.042,0.25,0.654,0.126,0.546,5.0
0.319,0.829,0.0,0.055,0.115,0.028,0.021,0.465,0.622,0.096,0.385,5.0
0.195,0.541,0.06,0.075,0.08,0.042,0.018,0.43,0.622,0.186,0.385,4.0
0.416,0.253,0.36,0.055,0.115,0.028,0.028,0.51,0.417,0.269,0.385,6.0
0.372,0.233,0.45,0.116,0.088,0.085,0.042,0.34,0.457,0.275,0.862,6.0
0.522,0.322,0.49,0.082,0.097,0.183,0.145,0.663,0.441,0.138,0.185,4.0
0.212,0.356,0.02,0.082,0.092,0.113,0.06,0.509,0.575,0.204,0.154,6.0
0.159,0.39,0.0,0.051,0.072,0.085,0.021,0.114,0.575,0.12,0.692,6.0
0.292,0.123,0.68,0.507,0.063,0.514,0.961,0.227,0.213,0.108,0.6,7.0
0.274,0.308,0.21,0.041,0.095,0.042,0.011,0.331,0.331,0.126,0.215,6.0
0.177,0.336,0.01,0.068,0.114,0.099,0.067,0.543,0.748,0.24,0.323,5.0
0.575,0.13,0.53,0.089,0.08,0.028,0.014,0.415,0.22,0.299,0.385,7.0
0.478,0.301,0.24,0.089,0.112,0.254,0.184,0.663,0.346,0.138,0.262,6.0
0.345,0.171,0.2,0.13,0.13,0.239,0.184,0.582,0.472,0.222,0.185,6.0
0.283,0.329,0.26,0.075,0.114,0.423,0.442,0.452,0.37,0.114,0.231,5.0
0.292,0.212,0.21,0.048,0.157,0.127,0.11,0.479,0.339,0.347,0.169,5.0
0.15,0.295,0.15,0.062,0.109,0.352,0.102,0.225,0.457,0.293,0.492,6.0
0.159,0.308,0.14,0.205,0.097,0.366,0.237,0.486,0.457,0.09,0.123,5.0
0.425,0.339,0.28,0.158,0.125,0.239,0.233,0.736,0.449,0.12,0.2,5.0
0.531,0.11,0.39,1.0,0.095,0.07,0.06,0.92,0.299,0.198,0.123,5.0
0.239,0.267,0.18,0.082,0.097,0.155,0.078,0.559,0.614,0.24,0.169,6.0
0.257,0.401,0.24,0.062,0.581,0.197,0.201,0.465,0.205,0.754,0.169,5.0
0.248,0.329,0.26,0.438,0.097,0.493,0.406,0.597,0.496,0.096,0.154,5.0
0.354,0.144,0.4,0.116,0.119,0.211,0.219,0.569,0.441,0.09,0.154,5.0
0.292,0.63,0.05,0.089,0.12,0.169,0.081,0.428,0.378,0.132,0.231,6.0
0.248,0.353,0.1,0.103,0.114,0.211,0.095,0.535,0.661,0.216,0.369,7.0
0.23,0.349,0.0,0.068,0.142,0.183,0.113,0.49,0.496,0.15,0.092,6.0
0.381,0.517,0.13,0.175,0.127,0.042,0.028,0.685,0.551,0.114,0.477,5.0
0.248,0.295,0.19,0.062,0.117,0.197,0.099,0.476,0.591,0.21,0.323,5.0
0.177,0.336,0.0,0.048,0.095,0.042,0.007,0.286,0.465,0.024,0.308,4.0
0.212,0.586,0.04,0.075,0.125,0.155,0.216,0.41,0.48,0.162,0.154,4.0
0.301,0.445,0.32,0.082,0.112,0.211,0.24,0.477,0.417,0.102,0.215,6.0
0.265,0.36,0.03,0.068,0.124,0.183,0.18,0.501,0.496,0.078,0.292,5.0
0.655,0.26,0.59,0.034,0.102,0.31,0.127,0.582,0.142,0.21,0.323,7.0
0.248,0.729,0.0,0.229,0.142,0.056,0.028,0.479,0.701,0.126,0.354,3.0
0.345,0.366,0.49,0.356,0.184,0.465,0.512,0.802,0.449,0.485,0.138,5.0
0.469,0.425,0.19,0.336,0.165,0.451,0.247,0.64,0.315,0.132,0.154,5.0
0.372,0.082,0.35,0.055,0.072,0.169,0.074,0.284,0.315,0.156,0.446,7.0
0.655,0.178,0.56,0.082,0.135,0.07,0.064,0.674,0.315,0.228,0.385,6.0
0.274,0.199,0.76,0.062,1.0,0.099,0.138,0.494,0.252,0.557,0.154,5.0
0.398,0.274,0.33,0.027,0.097,0.113,0.085,0.568,0.394,0.162,0.138,5.0
0.265,0.199,0.14,0.144,0.125,0.282,0.131,0.465,0.457,0.144,0.323,6.0
0.381,0.158,0.4,0.185,0.164,0.155,0.064,0.398,0.386,0.222,0.554,7.0
0.354,0.349,0.17,0.137,0.145,0.282,0.399,0.582,0.276,0.114,0.138,5.0
0.363,0.199,0.41,0.363,0.11,0.338,0.127,0.384,0.394,0.263,0.646,7.0
0.425,0.199,0.48,0.253,0.1,0.127,0.049,0.531,0.472,0.275,0.585,7.0
0.973,0.36,0.49,0.226,0.139,0.127,0.06,0.96,0.142,0.246,0.415,5.0
0.088,0.5,0.05,0.034,0.055,0.155,0.29,0.171,0.646,0.293,0.692,8.0
0.425,0.082,0.33,0.096,0.082,0.718,0.237,0.572,0.575,0.341,0.277,6.0
0.257,0.315,0.2,0.075,0.102,0.465,0.134,0.358,0.283,0.06,0.138,5.0
0.372,0.13,0.4,0.13,0.162,0.085,0.035,0.446,0.449,0.275,0.523,7.0
0.221,0.233,0.2,0.068,0.109,0.38,0.17,0.406,0.496,0.186,0.308,6.0
0.265,0.342,0.32,0.089,0.117,0.085,0.17,0.479,0.488,0.114,0.154,5.0
0.221,0.185,0.12,0.082,0.088,0.183,0.064,0.18,0.441,0.12,0.754,6.0
0.46,0.26,0.34,0.096,0.137,0.127,0.138,0.629,0.394,0.162,0.2,7.0
0.363,0.38,0.1,0.048,0.13,0.042,0.018,0.542,0.449,0.192,0.177,5.0
0.513,0.356,0.24,0.13,0.155,0.394,0.166,0.714,0.394,0.204,0.231,5.0
0.195,0.363,0.02,0.082,0.11,0.099,0.032,0.36,0.48,0.174,0.308,6.0
0.283,0.274,0.25,0.068,0.115,0.183,0.113,0.612,0.543,0.192,0.092,6.0
0.142,0.267,0.14,0.068,0.073,0.197,0.099,0.286,0.583,0.144,0.477,6.0
0.425,0.192,0.31,0.089,0.13,0.169,0.198,0.479,0.26,0.18,0.323,6.0
0.23,0.353,0.07,0.116,0.109,0.211,0.283,0.544,0.606,0.126,0.2,5.0
0.327,0.13,0.39,0.103,0.11,0.225,0.131,0.321,0.449,0.263,0.631,7.0
0.142,0.274,0.08,0.24,0.098,0.141,0.092,0.469,0.646,0.18,0.492,6.0
0.159,0.459,0.04,0.089,0.082,0.141,0.039,0.427,0.622,0.192,0.308,6.0
0.186,0.301,0.09,0.137,0.112,0.085,0.057,0.486,0.567,0.168,0.277,5.0
0.265,0.534,0.06,0.11,0.112,0.056,0.014,0.487,0.512,0.138,0.215,5.0
0.204,0.226,0.11,0.103,0.052,0.07,0.021,0.255,0.441,0.192,0.462,6.0
0.434,0.322,0.44,0.096,0.098,0.282,0.219,0.67,0.567,0.18,0.169,5.0
0.177,0.414,0.09,0.315,0.175,0.113,0.039,0.476,0.48,0.096,0.369,6.0
0.336,0.151,0.42,0.082,0.1,0.31,0.106,0.283,0.291,0.269,0.615,6.0
0.381,0.116,0.35,0.068,0.092,0.338,0.18,0.509,0.346,0.617,0.292,6.0
0.336,0.342,0.12,0.062,0.1,0.521,0.141,0.365,0.504,0.335,0.523,6.0
0.274,0.096,0.26,0.075,0.067,0.254,0.251,0.369,0.323,0.275,0.385,6.0
0.531,0.151,0.49,0.158,0.11,0.268,0.254,0.67,0.354,0.222,0.246,6.0
0.212,0.212,0.02,0.068,0.114,0.197,0.078,0.356,0.48,0.287,0.338,6.0
0.204,0.442,0.18,0.103,0.386,0.063,0.148,0.444,0.52,0.162,0.292,6.0
0.035,0.63,0.24,0.048,0.063,0.437,0.318,0.244,0.787,0.174,0.477,5.0
0.239,0.322,0.26,0.075,0.114,0.225,0.346,0.424,0.425,0.114,0.231,5.0
0.204,0.664,0.06,0.082,0.082,0.155,0.088,0.347,0.606,0.06,0.462,4.0
0.513,0.219,0.73,0.387,0.104,0.521,0.247,0.656,0.339,0.311,0.554,7.0
0.195,0.199,0.31,0.541,0.12,0.352,0.138,0.6,0.504,0.186,0.262,6.0
0.204,0.315,0.2,0.058,0.077,0.099,0.057,0.231,0.504,0.096,0.508,5.0
0.619,0.075,0.57,0.062,0.104,0.028,0.007,0.59,0.315,0.222,0.231,6.0
0.761,0.178,0.55,0.123,0.115,0.056,0.035,0.773,0.189,0.126,0.154,5.0
0.283,0.281,0.01,0.048,0.109,0.028,0.046,0.362,0.331,0.078,0.215,5.0
0.504,0.219,0.5,0.247,0.159,0.056,0.025,0.582,0.425,0.299,0.477,5.0
0.469,0.425,0.28,0.116,0.11,0.282,0.251,0.582,0.425,0.108,0.215,5.0
0.31,0.452,0.1,0.164,0.13,0.042,0.025,0.623,0.488,0.096,0.169,5.0
0.469,0.253,0.58,0.178,0.137,0.113,0.131,0.758,0.433,0.15,0.092,5.0
0.239,0.192,0.3,0.055,0.114,0.451,0.258,0.501,0.528,0.192,0.169,6.0
0.389,0.24,0.31,0.123,0.12,0.324,0.42,0.612,0.449,0.168,0.154,5.0
0.398,0.26,0.3,0.068,0.088,0.099,0.039,0.563,0.457,0.228,0.323,6.0
0.363,0.247,0.3,0.13,0.09,0.127,0.078,0.465,0.465,0.204,0.431,7.0
0.274,0.267,0.28,0.082,0.125,0.31,0.17,0.582,0.535,0.246,0.123,5.0
0.301,0.185,0.3,0.068,0.104,0.437,0.276,0.521,0.512,0.168,0.092,5.0
0.274,0.39,0.49,0.062,0.172,0.268,0.375,0.494,0.37,0.228,0.138,5.0
0.389,0.185,0.4,0.027,0.053,0.338,0.155,0.346,0.362,0.299,0.385,6.0
0.354,0.274,0.38,0.041,0.14,0.056,0.042,0.484,0.362,0.114,0.154,5.0
0.15,0.329,0.1,0.048,0.06,0.155,0.071,0.22,0.638,0.108,0.569,5.0
0.398,0.192,0.57,0.253,0.114,0.07,0.049,0.474,0.425,0.144,0.631,6.0
0.327,0.363,0.1,0.137,0.129,0.225,0.12,0.584,0.433,0.132,0.169,5.0
0.221,0.329,0.0,0.062,0.104,0.211,0.099,0.523,0.575,0.222,0.231,6.0
0.177,0.493,0.03,0.096,0.078,0.437,0.148,0.377,0.614,0.138,0.6,7.0
0.274,0.39,0.22,0.068,0.12,0.239,0.311,0.443,0.449,0.09,0.169,5.0
0.15,0.123,0.48,0.062,0.095,0.239,0.194,0.428,0.551,0.269,0.292,6.0
0.372,0.192,0.4,0.089,0.112,0.254,0.163,0.582,0.551,0.186,0.123,5.0
0.257,0.192,0.12,0.144,0.134,0.394,0.166,0.487,0.496,0.222,0.292,6.0
0.469,0.219,0.46,0.089,0.132,0.127,0.124,0.463,0.346,0.216,0.538,6.0
0.327,0.339,0.22,0.116,0.125,0.07,0.046,0.597,0.409,0.168,0.138,5.0
0.496,0.377,0.39,0.068,0.07,0.07,0.039,0.553,0.339,0.084,0.246,5.0
0.23,0.394,0.13,0.075,0.107,0.155,0.049,0.396,0.433,0.126,0.262,5.0
0.301,0.11,0.44,0.062,0.115,0.38,0.219,0.363,0.488,0.198,0.431,5.0
0.46,0.26,0.49,0.116,0.397,0.056,0.049,0.656,0.449,0.275,0.354,6.0
0.15,0.616,0.0,0.075,0.119,0.225,0.064,0.316,0.669,0.132,0.431,4.0
0.23,0.329,0.04,0.11,0.107,0.239,0.29,0.542,0.622,0.132,0.169,5.0
0.177,0.308,0.02,0.082,0.172,0.07,0.035,0.475,0.504,0.216,0.169,5.0
0.363,0.274,0.09,0.11,0.132,0.268,0.152,0.553,0.472,0.317,0.338,7.0
0.646,0.212,0.66,0.151,0.162,0.127,0.06,0.729,0.323,0.311,0.308,7.0
0.531,0.164,0.57,0.096,0.125,0.07,0.049,0.491,0.315,0.234,0.415,7.0
0.221,0.349,0.06,0.075,0.119,0.099,0.081,0.623,0.732,0.24,0.185,5.0
0.389,0.315,0.25,0.075,0.154,0.099,0.053,0.559,0.417,0.234,0.185,5.0
0.168,0.233,0.14,0.103,0.17,0.113,0.11,0.532,0.724,0.192,0.215,5.0
0.292,0.048,0.42,0.048,0.075,0.239,0.085,0.289,0.433,0.216,0.431,6.0
0.301,0.356,0.22,0.103,0.137,0.056,0.095,0.444,0.496,0.15,0.4,5.0
0.496,0.288,0.37,0.993,0.337,0.761,0.314,1.0,0.346,0.263,0.092,6.0
0.283,0.329,0.14,0.103,0.124,0.028,0.032,0.546,0.535,0.162,0.369,6.0
0.77,0.116,0.75,0.13,0.12,0.31,0.131,0.626,0.236,0.21,0.462,7.0
0.531,0.247,0.64,0.089,0.165,0.07,0.049,0.509,0.409,0.198,0.508,6.0
0.496,0.082,0.49,0.103,0.105,0.127,0.078,0.568,0.315,0.168,0.308,5.0
0.15,0.185,0.08,0.055,0.09,0.028,0.049,0.391,0.472,0.15,0.154,5.0
0.159,0.301,0.15,0.062,0.11,0.225,0.208,0.211,0.465,0.162,0.323,6.0
0.398,0.37,0.15,0.158,0.142,0.113,0.187,0.711,0.425,0.126,0.185,5.0
0.265,0.295,0.21,0.089,0.098,0.085,0.078,0.465,0.425,0.132,0.2,5.0
0.522,0.164,0.47,0.089,0.104,0.113,0.06,0.463,0.386,0.257,0.554,6.0
0.212,0.308,0.0,0.075,0.297,0.155,0.138,0.491,0.449,0.162,0.154,6.0
0.239,0.168,0.49,0.11,0.127,0.535,0.353,0.479,0.488,0.269,0.4,5.0
0.442,0.301,0.31,0.13,0.129,0.197,0.141,0.575,0.291,0.353,0.246,6.0
0.257,0.315,0.56,0.151,0.235,0.056,0.028,0.344,0.37,0.419,0.492,6.0
0.124,0.267,0.0,0.082,0.087,0.549,0.17,0.362,0.63,0.359,0.354,6.0
0.168,0.336,0.0,0.089,0.139,0.662,0.187,0.392,0.685,0.222,0.477,6.0
0.186,0.288,0.13,0.075,0.107,0.197,0.106,0.531,0.685,0.186,0.215,5.0
0.336,0.342,0.09,0.089,0.12,0.141,0.36,0.465,0.323,0.198,0.215,5.0
0.327,0.37,0.15,0.068,0.112,0.225,0.127,0.523,0.449,0.126,0.185,6.0
0.451,0.13,0.47,0.048,0.083,0.169,0.095,0.604,0.417,0.198,0.246,6.0
0.407,0.377,0.1,0.144,0.132,0.155,0.148,0.647,0.449,0.126,0.169,6.0
0.248,0.274,0.13,0.103,0.11,0.465,0.194,0.383,0.543,0.156,0.369,6.0
0.292,0.041,0.4,0.089,0.062,0.521,0.216,0.435,0.465,0.359,0.446,5.0
0.221,0.322,0.01,0.11,0.109,0.268,0.279,0.543,0.638,0.156,0.215,5.0
0.283,0.301,0.19,0.062,0.154,0.155,0.145,0.465,0.354,0.359,0.169,5.0
0.265,0.421,0.02,0.11,0.098,0.127,0.028,0.39,0.606,0.228,0.508,7.0
0.274,0.11,0.3,0.075,0.083,0.239,0.099,0.377,0.425,0.341,0.446,7.0
0.15,0.267,0.13,0.096,0.107,0.394,0.12,0.416,0.535,0.251,0.4,6.0
0.292,0.144,0.23,0.055,0.109,0.239,0.138,0.454,0.433,0.192,0.138,5.0
0.301,0.205,0.17,0.075,0.102,0.07,0.042,0.523,0.433,0.168,0.123,6.0
0.327,0.11,0.48,0.082,0.135,0.07,0.021,0.294,0.409,0.174,0.615,7.0
0.301,0.13,0.45,0.082,0.341,0.056,0.035,0.258,0.323,0.287,0.631,7.0
0.23,0.418,0.02,0.11,0.107,0.211,0.127,0.523,0.551,0.114,0.138,5.0
0.398,0.462,0.0,0.116,0.14,0.141,0.071,0.685,0.48,0.299,0.154,6.0
0.301,0.342,0.33,0.123,0.127,0.211,0.11,0.523,0.449,0.15,0.354,6.0
0.389,0.288,0.49,0.137,0.137,0.563,0.367,0.597,0.268,0.168,0.123,5.0
0.381,0.432,0.14,0.11,0.124,0.113,0.085,0.6,0.472,0.186,0.323,5.0
0.673,0.151,0.5,0.103,0.09,0.127,0.053,0.729,0.299,0.509,0.123,6.0
0.319,0.158,0.33,0.103,0.107,0.141,0.145,0.435,0.417,0.287,0.4,6.0
0.434,0.322,0.44,0.096,0.098,0.282,0.219,0.67,0.567,0.18,0.169,5.0
0.442,0.329,0.5,0.096,0.112,0.38,0.23,0.707,0.598,0.144,0.2,5.0
0.31,0.37,0.7,0.089,0.144,0.338,0.435,0.523,0.268,0.12,0.092,5.0
0.531,0.13,0.49,0.089,0.085,0.239,0.12,0.553,0.315,0.108,0.215,6.0
0.487,0.226,0.23,0.068,0.117,0.127,0.042,0.563,0.378,0.192,0.138,6.0
0.283,0.479,0.29,0.233,0.119,0.282,0.205,0.466,0.331,0.12,0.154,5.0
0.398,0.151,0.42,0.062,0.077,0.113,0.042,0.283,0.346,0.132,0.462,5.0
0.265,0.247,0.31,0.13,0.097,0.042,0.032,0.504,0.378,0.132,0.292,6.0
0.044,0.24,0.02,0.027,0.037,0.239,0.134,0.149,0.913,0.174,0.677,6.0
0.407,0.548,0.24,0.116,0.125,0.155,0.307,0.714,0.583,0.126,0.215,5.0
0.274,0.575,0.2,0.075,0.058,0.197,0.191,0.399,0.488,0.066,0.385,5.0
0.23,0.37,0.33,0.11,0.093,0.465,0.339,0.299,0.417,0.269,0.677,6.0
0.513,0.144,0.63,0.13,0.12,0.056,0.057,0.714,0.409,0.246,0.431,7.0
0.31,0.479,0.0,0.219,0.139,0.056,0.028,0.622,0.488,0.12,0.185,5.0
0.381,0.26,0.21,0.089,0.127,0.282,0.117,0.503,0.465,0.299,0.415,6.0
0.611,0.322,0.59,0.116,0.125,0.169,0.152,0.641,0.346,0.192,0.4,6.0
0.283,0.212,0.32,0.13,0.114,0.394,0.184,0.538,0.449,0.186,0.292,5.0
0.265,0.274,0.12,0.144,0.092,0.155,0.166,0.516,0.488,0.144,0.108,5.0
0.319,0.13,0.4,0.089,0.077,0.07,0.014,0.388,0.449,0.21,0.431,7.0
0.239,0.37,0.0,0.075,0.12,0.07,0.06,0.604,0.685,0.377,0.231,6.0
0.319,0.301,0.23,0.171,0.11,0.183,0.346,0.553,0.425,0.174,0.154,5.0
0.708,0.185,0.49,0.11,0.114,0.099,0.049,0.67,0.26,0.293,0.292,6.0
0.23,0.394,0.13,0.075,0.107,0.155,0.049,0.396,0.433,0.126,0.262,5.0
0.319,0.192,0.44,0.13,0.129,0.141,0.131,0.546,0.622,0.168,0.323,6.0
0.212,0.068,0.3,0.062,0.088,0.211,0.049,0.488,0.685,0.293,0.246,6.0
0.292,0.39,0.21,0.082,0.114,0.451,0.477,0.45,0.402,0.108,0.231,5.0
0.611,0.158,0.49,0.164,0.097,0.127,0.11,0.751,0.457,0.347,0.4,6.0
0.265,0.408,0.0,0.082,0.093,0.408,0.102,0.386,0.583,0.192,0.462,6.0
0.186,0.63,0.08,0.096,0.092,0.254,0.092,0.471,0.614,0.144,0.4,4.0
0.549,0.192,0.41,0.089,0.12,0.085,0.039,0.612,0.268,0.204,0.138,6.0
0.327,0.5,0.14,0.11,0.135,0.169,0.17,0.526,0.488,0.126,0.262,5.0
0.257,0.308,0.02,0.116,0.109,0.141,0.102,0.404,0.488,0.174,0.369,6.0
0.248,0.397,0.0,0.068,0.107,0.141,0.099,0.568,0.606,0.138,0.154,5.0
0.292,0.291,0.06,0.212,0.125,0.366,0.194,0.472,0.488,0.204,0.354,6.0
0.177,0.315,0.02,0.075,0.083,0.507,0.166,0.269,0.48,0.257,0.492,7.0
0.389,0.466,0.12,0.103,0.119,0.099,0.078,0.609,0.465,0.192,0.308,6.0
0.416,0.336,0.26,0.171,0.13,0.338,0.286,0.711,0.394,0.174,0.2,5.0
0.469,0.288,0.45,0.096,0.098,0.211,0.12,0.663,0.512,0.174,0.154,5.0
0.478,0.322,0.31,0.089,0.13,0.352,0.198,0.685,0.346,0.18,0.277,6.0
0.23,0.315,0.54,0.082,0.17,0.028,0.011,0.523,0.465,0.144,0.292,4.0
0.717,0.329,0.65,0.096,0.085,0.07,0.067,0.707,0.228,0.144,0.231,5.0
0.195,0.329,0.18,0.068,0.112,0.239,0.283,0.494,0.669,0.144,0.138,6.0
0.212,0.39,0.07,0.11,0.132,0.197,0.053,0.415,0.504,0.162,0.446,6.0
0.425,0.103,0.53,0.103,0.104,0.07,0.042,0.45,0.362,0.479,0.554,7.0
0.292,0.308,0.31,0.075,0.112,0.127,0.258,0.492,0.433,0.216,0.169,6.0
0.283,0.26,0.12,0.062,0.277,0.07,0.053,0.435,0.425,0.323,0.215,6.0
0.168,0.377,0.0,0.233,0.075,0.141,0.049,0.353,0.559,0.138,0.523,4.0
0.504,0.103,0.56,0.034,0.058,0.028,0.007,0.341,0.331,0.108,0.523,6.0
0.062,0.24,0.11,0.089,0.06,0.211,0.293,0.128,0.63,0.329,0.8,7.0
0.283,0.349,0.48,0.055,0.147,0.183,0.318,0.443,0.354,0.174,0.169,5.0
0.496,0.075,0.37,0.089,0.075,0.183,0.106,0.446,0.386,0.096,0.138,4.0
0.265,0.288,0.02,0.055,0.122,0.225,0.088,0.427,0.496,0.108,0.308,6.0
0.584,0.192,0.5,0.075,0.145,0.254,0.155,0.57,0.283,0.15,0.308,5.0
0.257,0.267,0.02,0.055,0.12,0.169,0.088,0.39,0.488,0.126,0.323,6.0
0.504,0.103,0.24,0.082,0.1,0.197,0.095,0.406,0.378,0.198,0.677,6.0
0.124,0.144,0.32,0.822,0.07,0.07,0.378,0.415,0.441,0.138,0.477,4.0
0.292,0.13,0.32,0.068,0.09,0.183,0.106,0.262,0.528,0.138,0.646,6.0
0.372,0.295,0.04,0.089,0.179,0.183,0.177,0.45,0.37,0.162,0.385,6.0
0.398,0.11,0.46,0.555,0.17,0.028,0.011,0.656,0.346,0.162,0.385,6.0
0.487,0.11,0.46,0.062,0.063,0.056,0.025,0.538,0.236,0.275,0.277,6.0
0.549,0.26,0.46,0.11,0.102,0.056,0.074,0.736,0.244,0.186,0.169,5.0
0.345,0.233,0.59,0.034,0.671,0.211,0.138,0.51,0.228,0.605,0.123,5.0
0.389,0.226,0.49,0.116,0.12,0.282,0.244,0.634,0.48,0.144,0.2,5.0
0.381,0.11,0.45,0.055,0.092,0.085,0.021,0.255,0.402,0.132,0.6,7.0
0.513,0.096,0.48,0.068,0.09,0.07,0.014,0.526,0.465,0.323,0.385,6.0
0.239,0.295,0.03,0.048,0.1,0.225,0.127,0.406,0.496,0.09,0.092,4.0
0.221,0.322,0.02,0.096,0.117,0.324,0.311,0.541,0.638,0.12,0.2,6.0
0.239,0.315,0.3,0.103,0.104,0.197,0.173,0.494,0.567,0.156,0.277,5.0
0.204,0.219,0.0,0.034,0.097,0.437,0.113,0.316,0.457,0.15,0.462,6.0
0.23,0.332,0.02,0.068,0.14,0.127,0.088,0.362,0.567,0.12,0.523,6.0
0.363,0.349,0.28,0.123,0.14,0.225,0.223,0.534,0.409,0.18,0.277,6.0
0.257,0.387,0.07,0.11,0.077,0.056,0.011,0.459,0.504,0.132,0.385,4.0
0.248,0.281,0.12,0.068,0.255,0.042,0.021,0.51,0.409,0.317,0.123,5.0
0.168,0.521,0.03,0.322,0.112,0.31,0.145,0.415,0.661,0.102,0.431,4.0
0.681,0.185,0.63,0.096,0.132,0.07,0.042,0.758,0.331,0.096,0.169,5.0
0.487,0.13,0.44,0.096,0.114,0.296,0.141,0.641,0.457,0.204,0.2,6.0
0.31,0.452,0.23,0.116,0.078,0.056,0.032,0.509,0.496,0.138,0.446,5.0
0.257,0.329,0.03,0.062,0.139,0.338,0.329,0.362,0.48,0.126,0.262,5.0
0.239,0.212,0.24,0.11,0.11,0.366,0.216,0.471,0.677,0.156,0.415,6.0
0.159,0.178,0.14,0.089,0.043,0.197,0.067,0.372,0.551,0.192,0.415,6.0
0.248,0.322,0.08,0.24,0.124,0.07,0.081,0.538,0.504,0.102,0.092,4.0
0.204,0.295,0.15,0.089,0.107,0.254,0.12,0.443,0.528,0.156,0.262,5.0
0.248,0.295,0.19,0.062,0.117,0.197,0.099,0.476,0.591,0.21,0.323,5.0
0.186,0.205,0.27,0.527,0.093,0.324,0.502,0.347,0.331,0.144,0.446,6.0
0.195,0.356,0.0,0.123,0.185,0.197,0.095,0.39,0.551,0.18,0.446,6.0
0.336,0.627,0.15,0.349,0.102,0.141,0.17,0.656,0.496,0.096,0.231,5.0
0.142,0.226,0.2,0.048,0.095,0.028,0.032,0.421,0.528,0.138,0.123,5.0
0.398,0.164,0.39,0.062,0.08,0.282,0.173,0.358,0.346,0.293,0.4,7.0
0.593,0.171,0.5,0.062,0.13,0.268,0.145,0.534,0.323,0.144,0.323,5.0
0.23,0.171,0.32,0.075,0.083,0.197,0.078,0.34,0.386,0.24,0.446,7.0
0.363,0.13,0.46,0.034,0.078,0.141,0.067,0.479,0.488,0.257,0.262,6.0
0.177,0.274,0.08,0.103,0.097,0.169,0.071,0.258,0.52,0.234,0.631,7.0
0.513,0.219,0.73,0.387,0.104,0.521,0.247,0.656,0.339,0.311,0.554,7.0
0.381,0.13,0.57,0.075,0.165,0.352,0.279,0.516,0.409,0.12,0.2,5.0
0.336,0.428,0.11,0.068,0.13,0.211,0.201,0.472,0.354,0.293,0.185,5.0
0.23,0.164,0.46,0.082,0.104,0.324,0.134,0.387,0.52,0.311,0.4,7.0
0.265,0.387,0.23,0.096,0.165,0.268,0.276,0.465,0.37,0.168,0.138,5.0
0.398,0.123,0.41,0.075,0.093,0.127,0.064,0.379,0.417,0.311,0.508,7.0
0.248,0.164,0.34,0.062,0.105,0.239,0.113,0.237,0.504,0.329,0.8,7.0
0.788,0.281,0.79,0.267,0.18,0.31,0.251,0.861,0.346,0.263,0.708,5.0
0.257,0.349,0.12,0.288,0.165,0.69,0.367,0.604,0.409,0.263,0.154,5.0
0.637,0.096,0.52,0.062,0.098,0.07,0.014,0.494,0.362,0.234,0.277,7.0
0.726,0.123,0.74,0.116,0.139,0.113,0.078,0.685,0.362,0.263,0.369,7.0
0.451,0.39,0.32,0.11,0.127,0.296,0.3,0.575,0.433,0.174,0.262,5.0
0.283,0.291,0.12,0.11,0.093,0.141,0.102,0.435,0.472,0.168,0.492,6.0
0.336,0.301,0.04,0.075,0.117,0.127,0.057,0.553,0.378,0.066,0.185,5.0
0.248,0.24,0.46,0.089,0.17,0.085,0.049,0.47,0.457,0.18,0.323,5.0
0.593,0.171,0.41,0.096,0.127,0.07,0.035,0.641,0.276,0.281,0.138,5.0
0.558,0.171,0.58,0.212,0.098,0.225,0.208,0.681,0.378,0.269,0.262,5.0
0.416,0.164,0.39,0.041,0.114,0.563,0.173,0.474,0.575,0.24,0.385,6.0
0.168,0.185,0.23,0.507,0.065,0.38,0.3,0.377,0.551,0.132,0.569,6.0
0.478,0.178,0.38,0.048,0.262,0.366,0.297,0.666,0.323,0.192,0.015,5.0
0.221,0.39,0.08,0.082,0.085,0.577,0.163,0.441,0.535,0.162,0.277,6.0
0.088,0.288,0.04,0.055,0.062,0.056,0.025,0.303,0.772,0.15,0.462,5.0
0.31,0.144,0.44,0.041,0.05,0.07,0.021,0.393,0.48,0.168,0.354,5.0
0.221,0.336,0.02,0.11,0.115,0.225,0.286,0.542,0.583,0.162,0.2,6.0
0.195,0.384,0.09,0.205,0.093,0.197,0.081,0.38,0.528,0.114,0.415,4.0
0.389,0.164,0.52,0.082,0.165,0.056,0.014,0.412,0.449,0.174,0.446,6.0
0.549,0.24,0.43,0.082,0.265,0.366,0.212,0.597,0.339,0.257,0.369,6.0
0.248,0.199,0.24,0.062,0.09,0.239,0.145,0.406,0.496,0.174,0.308,5.0
0.478,0.116,0.4,0.137,0.144,0.127,0.071,0.773,0.583,0.347,0.2,5.0
0.345,0.062,0.52,0.068,0.13,0.113,0.06,0.471,0.488,0.204,0.308,5.0
0.088,0.37,0.0,0.11,0.09,0.085,0.032,0.183,0.614,0.15,0.692,5.0
0.212,0.366,0.16,0.082,0.104,0.099,0.067,0.44,0.496,0.132,0.2,5.0
0.504,0.212,0.44,0.103,0.337,0.056,0.021,0.685,0.354,0.18,0.169,6.0
0.319,0.524,0.2,0.034,0.124,0.085,0.088,0.333,0.291,0.078,0.246,5.0
0.398,0.449,0.22,0.089,0.112,0.155,0.148,0.553,0.346,0.108,0.185,5.0
0.442,0.178,0.42,0.068,0.098,0.056,0.025,0.479,0.323,0.251,0.323,6.0
0.389,0.455,0.24,0.055,0.11,0.127,0.053,0.503,0.433,0.204,0.246,5.0
0.265,0.205,0.25,0.205,0.154,0.38,0.297,0.57,0.323,0.144,0.108,5.0
0.434,0.233,0.24,0.123,0.134,0.183,0.134,0.582,0.299,0.246,0.246,6.0
0.142,0.164,0.24,0.089,0.139,0.254,0.127,0.333,0.654,0.144,0.508,6.0
0.124,0.26,0.04,0.089,0.134,0.169,0.071,0.47,0.567,0.084,0.246,5.0
0.265,0.253,0.26,0.048,0.374,0.127,0.29,0.494,0.291,0.281,0.138,5.0
0.265,0.267,0.24,0.103,0.132,0.099,0.113,0.582,0.575,0.198,0.185,6.0
0.212,0.329,0.12,0.089,0.119,0.169,0.078,0.479,0.614,0.174,0.277,7.0
0.106,0.61,0.66,0.075,0.045,0.197,0.29,0.257,0.724,0.162,0.477,6.0
0.106,0.116,0.26,0.055,0.085,0.028,0.018,0.105,0.512,0.126,0.785,6.0
0.274,0.301,0.08,0.11,0.17,0.183,0.141,0.516,0.394,0.198,0.185,6.0
0.54,0.377,0.22,0.123,0.159,0.225,0.099,0.758,0.425,0.389,0.231,6.0
0.212,0.452,0.08,0.075,0.135,0.127,0.046,0.406,0.52,0.084,0.246,5.0
0.619,0.205,0.53,0.164,0.155,0.451,0.325,0.802,0.362,0.371,0.123,5.0
0.248,0.356,0.07,0.062,0.147,0.099,0.06,0.443,0.441,0.15,0.185,5.0
0.195,0.301,0.22,0.062,0.104,0.197,0.064,0.316,0.52,0.293,0.431,6.0
0.407,0.301,0.18,0.048,0.11,0.127,0.053,0.418,0.323,0.096,0.231,5.0
0.23,0.394,0.13,0.075,0.107,0.155,0.049,0.396,0.433,0.126,0.262,5.0
0.628,0.253,0.49,0.089,0.119,0.056,0.032,0.729,0.354,0.06,0.123,5.0
0.221,0.329,0.01,0.096,0.112,0.324,0.11,0.372,0.52,0.168,0.385,6.0
0.283,0.476,0.01,0.116,0.104,0.662,0.297,0.451,0.504,0.174,0.369,5.0
0.195,0.322,0.1,0.055,0.085,0.465,0.166,0.421,0.528,0.204,0.2,5.0
0.265,0.212,0.29,0.082,0.105,0.254,0.212,0.522,0.52,0.186,0.169,5.0
0.221,0.158,0.29,0.11,0.14,0.268,0.166,0.45,0.535,0.192,0.4,6.0
0.283,0.26,0.17,0.048,0.117,0.282,0.339,0.435,0.512,0.09,0.169,5.0
0.319,0.178,0.32,0.11,0.114,0.324,0.23,0.453,0.417,0.311,0.4,6.0
0.336,0.363,0.6,0.082,0.167,0.155,0.297,0.531,0.362,0.114,0.123,5.0
0.274,0.315,0.01,0.062,0.127,0.155,0.042,0.412,0.457,0.138,0.323,7.0
0.221,0.247,0.28,0.13,0.093,0.07,0.035,0.496,0.394,0.12,0.292,5.0
0.478,0.418,0.43,0.096,0.078,0.197,0.088,0.479,0.323,0.144,0.4,5.0
0.221,0.384,0.0,0.089,0.102,0.155,0.057,0.501,0.583,0.102,0.138,5.0
0.177,0.421,0.02,0.479,0.184,0.944,0.417,0.685,0.575,0.12,0.231,5.0
0.708,0.199,0.54,0.13,0.152,0.254,0.124,0.684,0.37,0.257,0.446,6.0
0.469,0.158,0.38,0.041,0.077,0.423,0.145,0.491,0.409,0.293,0.338,7.0
0.381,0.192,0.32,0.322,0.125,0.127,0.145,0.663,0.504,0.263,0.323,7.0
0.469,0.288,0.26,0.075,0.165,0.085,0.191,0.515,0.157,0.389,0.277,5.0
0.319,0.096,0.34,0.11,0.102,0.211,0.145,0.431,0.52,0.269,0.446,7.0
0.646,0.178,0.51,0.075,0.182,0.085,0.049,0.7,0.394,0.257,0.308,6.0
0.407,0.274,1.0,0.171,0.998,0.437,0.223,0.7,0.0,1.0,0.154,4.0
0.451,0.39,0.32,0.11,0.127,0.296,0.3,0.575,0.433,0.174,0.262,5.0
0.177,0.394,0.0,0.082,0.105,0.155,0.177,0.494,0.591,0.204,0.123,5.0
0.69,0.253,0.58,0.144,0.152,0.38,0.329,0.788,0.331,0.401,0.477,6.0
0.142,0.301,0.09,0.055,0.068,0.324,0.092,0.29,0.63,0.162,0.446,5.0
0.212,0.164,0.21,0.103,0.124,0.324,0.223,0.403,0.52,0.12,0.262,6.0
0.265,0.288,0.13,0.11,0.142,0.324,0.212,0.571,0.512,0.168,0.154,5.0
0.044,0.205,0.0,0.062,0.053,0.239,0.29,0.11,0.74,0.24,0.8,7.0
0.177,0.401,0.07,0.048,0.107,0.07,0.032,0.45,0.551,0.15,0.354,5.0
0.469,0.322,0.07,0.171,0.15,0.437,0.23,0.74,0.449,0.228,0.215,5.0
0.593,0.151,0.45,0.075,0.117,0.07,0.032,0.641,0.157,0.198,0.123,6.0
0.319,0.11,0.6,0.144,0.154,0.127,0.057,0.603,0.512,0.21,0.338,5.0
0.301,0.473,0.25,0.171,0.107,0.465,0.279,0.485,0.354,0.054,0.123,5.0
0.451,0.205,0.46,0.082,0.104,0.056,0.035,0.471,0.417,0.246,0.6,6.0
0.221,0.329,0.01,0.096,0.112,0.324,0.11,0.372,0.52,0.168,0.385,6.0
0.522,0.082,0.42,0.062,0.109,0.07,0.057,0.553,0.37,0.431,0.369,7.0
0.336,0.274,0.22,0.123,0.12,0.042,0.042,0.496,0.409,0.144,0.231,6.0
0.195,0.445,0.0,0.062,0.09,0.465,0.163,0.553,0.693,0.21,0.231,5.0
0.619,0.199,0.54,0.041,0.139,0.296,0.124,0.535,0.22,0.257,0.231,7.0
0.257,0.329,0.32,0.123,0.152,0.169,0.325,0.684,0.559,0.174,0.169,5.0
0.487,0.558,0.22,0.171,0.155,0.141,0.283,0.802,0.543,0.186,0.446,4.0
0.265,0.233,0.11,0.116,0.112,0.155,0.152,0.494,0.37,0.144,0.246,5.0
0.15,0.185,0.16,0.034,0.114,0.141,0.06,0.399,0.472,0.138,0.138,5.0
0.398,0.24,0.49,0.116,0.137,0.521,0.353,0.597,0.268,0.156,0.108,5.0
0.619,0.199,0.54,0.041,0.139,0.296,0.124,0.535,0.22,0.257,0.231,7.0
0.212,0.469,0.0,0.11,0.093,0.085,0.049,0.501,0.583,0.138,0.185,5.0
0.15,0.438,0.0,0.137,0.1,0.352,0.163,0.273,0.606,0.162,0.477,6.0
0.372,0.103,0.46,0.082,0.139,0.268,0.081,0.353,0.409,0.138,0.446,6.0
0.142,0.397,0.15,0.288,0.107,0.169,0.074,0.452,0.63,0.162,0.538,6.0
0.292,0.37,0.0,0.034,0.14,0.07,0.025,0.413,0.543,0.15,0.169,5.0
0.212,0.39,0.08,0.062,0.142,0.296,0.293,0.428,0.472,0.126,0.123,6.0
0.159,0.356,0.21,0.062,0.115,0.183,0.088,0.501,0.669,0.198,0.215,5.0
0.186,0.11,0.28,0.103,0.0,0.493,0.332,0.042,0.409,0.036,0.508,7.0
0.372,0.336,0.19,0.212,0.137,0.408,0.223,0.573,0.378,0.102,0.246,6.0
0.513,0.312,0.61,0.116,0.107,0.141,0.064,0.729,0.331,0.216,0.092,5.0
0.389,0.192,0.41,0.075,0.077,0.197,0.12,0.299,0.378,0.162,0.585,6.0
0.274,0.212,0.25,0.116,0.102,0.394,0.201,0.446,0.496,0.15,0.323,6.0
0.23,0.247,0.07,0.315,0.129,0.127,0.042,0.497,0.496,0.21,0.431,7.0
0.469,0.308,0.25,0.075,0.154,0.155,0.293,0.457,0.236,0.341,0.262,5.0
0.46,0.123,0.39,0.055,0.083,0.028,0.011,0.347,0.315,0.144,0.477,7.0
0.363,0.205,0.45,0.103,0.1,0.437,0.187,0.448,0.465,0.263,0.554,6.0
0.319,0.192,0.31,0.068,0.117,0.099,0.064,0.435,0.394,0.216,0.338,6.0
0.336,0.164,0.32,0.089,0.115,0.437,0.258,0.465,0.441,0.234,0.4,6.0
0.442,0.384,0.24,0.089,0.125,0.056,0.078,0.641,0.315,0.162,0.277,5.0
0.177,0.414,0.2,0.473,0.102,0.394,0.258,0.56,0.433,0.126,0.123,5.0
0.531,0.219,0.68,0.219,0.17,0.07,0.064,0.509,0.252,0.198,0.769,6.0
0.531,0.26,0.45,0.116,0.179,0.465,0.219,0.515,0.386,0.234,0.385,6.0
0.301,0.486,0.27,0.075,0.114,0.141,0.201,0.474,0.433,0.09,0.215,4.0
0.319,0.082,0.34,0.288,0.083,0.099,0.057,0.538,0.378,0.365,0.385,6.0
0.23,0.158,0.26,0.062,0.119,0.451,0.244,0.494,0.52,0.15,0.169,6.0
0.212,0.39,0.07,0.11,0.132,0.197,0.053,0.415,0.504,0.162,0.446,6.0
0.23,0.151,0.32,0.11,0.13,0.592,0.378,0.479,0.457,0.275,0.415,5.0
0.354,0.24,0.27,0.096,0.072,0.183,0.078,0.374,0.346,0.281,0.431,5.0
0.265,0.164,0.31,0.055,0.112,0.352,0.208,0.521,0.567,0.174,0.169,6.0
0.186,0.233,0.24,0.055,0.109,0.239,0.099,0.347,0.512,0.162,0.338,6.0
0.23,0.366,0.03,0.062,0.11,0.085,0.021,0.426,0.472,0.036,0.169,5.0
0.372,0.397,0.0,0.055,0.095,0.099,0.046,0.51,0.449,0.12,0.246,6.0
0.381,0.192,0.32,0.322,0.125,0.127,0.145,0.663,0.504,0.263,0.323,7.0
0.832,0.199,0.63,0.199,0.129,0.07,0.145,0.832,0.213,0.287,0.369,6.0
0.398,0.26,0.3,0.068,0.088,0.099,0.039,0.563,0.457,0.228,0.323,6.0
0.31,0.829,0.0,0.062,0.117,0.028,0.021,0.465,0.63,0.09,0.385,5.0
0.23,0.603,0.0,0.144,0.15,0.085,0.035,0.425,0.543,0.078,0.246,5.0
0.354,0.295,0.09,0.164,0.093,0.099,0.039,0.535,0.386,0.066,0.246,5.0
0.274,0.315,0.1,0.062,0.15,0.38,0.364,0.41,0.268,0.096,0.215,6.0
0.221,0.377,0.0,0.096,0.119,0.239,0.074,0.559,0.551,0.126,0.154,5.0
0.283,0.329,0.26,0.075,0.114,0.423,0.442,0.452,0.37,0.114,0.231,5.0
0.372,0.247,0.41,0.164,0.134,0.352,0.163,0.597,0.449,0.12,0.323,6.0
0.142,0.164,0.24,0.089,0.139,0.254,0.127,0.333,0.654,0.144,0.508,6.0
0.239,0.49,0.03,0.082,0.134,0.127,0.046,0.479,0.512,0.084,0.185,5.0
0.257,0.13,0.41,0.103,0.088,0.465,0.191,0.356,0.472,0.311,0.462,6.0
0.133,0.178,0.15,0.062,0.1,0.07,0.046,0.399,0.535,0.144,0.154,5.0
0.354,0.24,0.27,0.096,0.072,0.183,0.078,0.374,0.346,0.281,0.431,5.0
0.513,0.199,0.55,0.158,0.107,0.296,0.17,0.7,0.323,0.335,0.231,6.0
0.354,0.226,0.31,0.116,0.124,0.282,0.155,0.597,0.496,0.347,0.231,6.0
0.575,0.13,0.53,0.089,0.08,0.028,0.014,0.415,0.22,0.299,0.385,7.0
0.239,0.394,0.0,0.11,0.105,0.028,0.025,0.582,0.591,0.114,0.123,5.0
0.204,0.315,0.01,0.068,0.114,0.549,0.17,0.496,0.52,0.24,0.2,5.0
0.23,0.151,0.24,0.075,0.098,0.408,0.163,0.418,0.551,0.15,0.262,5.0
0.265,0.349,0.03,0.075,0.114,0.366,0.131,0.419,0.551,0.186,0.385,6.0
0.292,0.39,0.21,0.082,0.114,0.451,0.477,0.45,0.402,0.108,0.231,5.0
0.602,0.346,0.66,0.363,0.127,0.07,0.064,0.641,0.291,0.395,0.754,6.0
0.319,0.055,0.43,0.11,0.107,0.423,0.159,0.488,0.622,0.287,0.308,6.0
0.301,0.428,0.56,0.075,0.177,0.408,0.452,0.494,0.394,0.198,0.154,5.0
0.133,0.137,0.25,0.096,0.098,0.31,0.184,0.46,0.535,0.383,0.338,5.0
0.31,0.281,0.22,0.089,0.11,0.451,0.293,0.493,0.409,0.078,0.185,6.0
0.407,0.164,0.34,0.048,0.083,0.056,0.021,0.485,0.362,0.204,0.323,6.0
0.531,0.164,0.59,0.089,0.234,0.07,0.042,0.626,0.236,0.431,0.154,5.0
0.239,0.377,0.26,0.062,0.649,0.211,0.159,0.501,0.331,0.485,0.154,5.0
0.23,0.144,0.33,0.055,0.082,0.028,0.025,0.435,0.386,0.461,0.246,8.0
0.513,0.096,0.48,0.068,0.09,0.07,0.014,0.526,0.465,0.323,0.385,6.0
0.23,0.274,0.07,0.034,0.104,0.056,0.049,0.531,0.457,0.287,0.185,6.0
0.31,0.418,0.0,0.11,0.115,0.155,0.064,0.581,0.504,0.078,0.185,4.0
0.088,0.37,0.0,0.089,0.125,0.028,0.018,0.272,0.764,0.18,0.677,7.0
0.301,0.414,0.24,0.13,0.119,0.127,0.198,0.498,0.48,0.138,0.246,6.0
0.319,0.353,0.1,0.082,0.102,0.338,0.191,0.463,0.433,0.251,0.385,6.0
0.327,0.288,0.28,0.068,0.109,0.141,0.12,0.568,0.512,0.168,0.246,6.0
0.239,0.226,0.36,0.342,0.104,0.155,0.286,0.568,0.465,0.299,0.323,5.0
0.257,0.445,0.2,0.493,0.144,0.408,0.304,0.65,0.362,0.15,0.123,5.0
0.23,0.164,0.46,0.082,0.104,0.324,0.134,0.387,0.52,0.311,0.4,7.0
0.274,0.075,0.37,0.062,0.057,0.31,0.191,0.516,0.528,0.228,0.569,6.0
0.257,0.274,0.11,0.041,0.112,0.141,0.117,0.494,0.535,0.15,0.185,5.0
0.699,0.329,0.49,0.233,0.147,0.056,0.028,0.802,0.402,0.246,0.538,6.0
0.212,0.301,0.13,0.048,0.109,0.338,0.127,0.457,0.472,0.156,0.123,5.0
0.504,0.322,0.42,0.13,0.13,0.479,0.237,0.656,0.425,0.222,0.169,6.0
0.221,0.37,0.0,0.103,0.067,0.07,0.018,0.228,0.48,0.198,0.662,7.0
0.195,0.384,0.21,0.082,0.097,0.113,0.06,0.396,0.504,0.162,0.292,5.0
0.283,0.301,0.12,0.075,0.117,0.085,0.078,0.509,0.496,0.102,0.154,6.0
0.336,0.373,0.61,0.075,0.167,0.169,0.314,0.509,0.331,0.126,0.108,5.0
0.204,0.288,0.3,0.089,0.127,0.113,0.35,0.527,0.402,0.509,0.323,6.0
0.265,0.158,0.6,0.116,0.102,0.31,0.134,0.477,0.504,0.275,0.415,6.0
0.381,0.247,0.53,0.212,0.149,0.028,0.014,0.425,0.37,0.156,0.569,7.0
0.584,0.11,0.56,0.068,0.105,0.225,0.191,0.582,0.331,0.15,0.215,6.0
0.478,0.301,0.24,0.089,0.112,0.254,0.184,0.663,0.346,0.138,0.262,6.0
0.053,0.137,0.25,0.062,0.152,0.169,0.155,0.413,0.504,0.132,0.123,5.0
0.619,0.199,0.58,0.13,0.14,0.338,0.336,0.747,0.307,0.12,0.246,5.0
0.478,0.253,0.2,0.692,0.098,0.169,0.155,0.839,0.331,0.216,0.123,6.0
0.053,0.247,0.04,0.048,0.07,0.254,0.353,0.193,0.63,0.174,0.585,7.0
0.416,0.199,0.39,0.089,0.087,0.155,0.088,0.612,0.409,0.192,0.277,5.0
0.805,0.202,0.68,0.137,0.122,0.225,0.131,0.832,0.252,0.281,0.246,6.0
0.177,0.26,0.0,0.062,0.083,0.282,0.078,0.253,0.551,0.132,0.6,6.0
0.735,0.26,0.55,0.13,0.1,0.085,0.064,0.738,0.276,0.21,0.385,6.0
0.248,0.164,0.3,0.062,0.104,0.225,0.064,0.302,0.394,0.222,0.462,8.0
0.159,0.524,0.0,0.096,0.257,0.07,0.021,0.399,0.646,0.108,0.369,5.0
0.425,0.387,0.11,0.123,0.109,0.07,0.088,0.612,0.354,0.222,0.262,6.0
0.558,0.185,0.47,0.062,0.177,0.07,0.028,0.597,0.441,0.251,0.215,6.0
0.31,0.291,0.18,0.068,0.114,0.169,0.102,0.523,0.441,0.156,0.092,6.0
0.283,0.329,0.26,0.075,0.114,0.423,0.442,0.452,0.37,0.114,0.231,5.0
0.221,0.387,0.35,0.075,0.127,0.113,0.304,0.457,0.425,0.174,0.154,5.0
0.336,0.301,0.04,0.075,0.117,0.127,0.057,0.553,0.378,0.066,0.185,5.0
0.319,0.11,0.6,0.144,0.154,0.127,0.057,0.603,0.512,0.21,0.338,5.0
0.195,0.363,0.02,0.082,0.11,0.099,0.032,0.36,0.48,0.174,0.308,6.0
0.761,0.233,0.52,0.089,0.098,0.155,0.102,0.773,0.283,0.138,0.092,6.0
0.195,0.336,0.2,0.062,0.109,0.141,0.208,0.516,0.63,0.15,0.138,5.0
0.23,0.253,0.24,0.089,0.097,0.056,0.106,0.435,0.465,0.09,0.154,5.0
0.23,0.308,0.06,0.048,0.107,0.113,0.074,0.523,0.488,0.222,0.185,6.0
0.257,0.682,0.1,0.151,0.124,0.056,0.021,0.421,0.63,0.162,0.431,4.0
0.106,0.336,0.11,0.062,0.09,0.239,0.078,0.349,0.638,0.198,0.385,6.0
0.54,0.274,0.38,0.116,0.09,0.394,0.177,0.419,0.323,0.275,0.569,7.0
0.292,0.288,0.34,0.11,0.107,0.099,0.039,0.167,0.362,0.234,0.723,8.0
0.283,0.315,0.02,0.075,0.102,0.113,0.042,0.494,0.488,0.144,0.169,7.0
0.221,0.164,0.3,0.048,0.114,0.479,0.226,0.504,0.551,0.102,0.154,5.0
0.566,0.096,0.68,0.113,0.122,0.127,0.067,0.509,0.346,0.168,0.523,5.0
0.46,0.37,0.39,0.158,0.119,0.282,0.187,0.648,0.496,0.228,0.477,7.0
0.195,0.322,0.06,0.349,0.08,0.141,0.042,0.45,0.528,0.156,0.369,7.0
0.15,0.589,0.01,0.075,0.075,0.197,0.095,0.353,0.677,0.078,0.431,6.0
0.646,0.178,0.49,0.123,0.144,0.155,0.127,0.758,0.331,0.168,0.292,5.0
0.177,0.37,0.0,0.144,0.172,0.282,0.088,0.457,0.559,0.18,0.292,5.0
0.221,0.322,0.0,0.082,0.132,0.113,0.028,0.353,0.535,0.132,0.477,7.0
0.372,0.205,0.21,0.11,0.134,0.451,0.29,0.599,0.354,0.114,0.123,5.0
0.575,0.041,0.48,0.041,0.093,0.085,0.032,0.531,0.378,0.186,0.262,6.0
0.248,0.336,0.01,0.075,0.104,0.169,0.113,0.544,0.583,0.192,0.215,5.0
0.46,0.151,0.39,0.034,0.09,0.028,0.004,0.34,0.354,0.132,0.462,7.0
0.46,0.226,0.38,0.11,0.115,0.465,0.212,0.528,0.323,0.15,0.215,5.0
0.646,0.308,0.5,0.116,0.117,0.07,0.092,0.773,0.299,0.269,0.354,6.0
0.513,0.199,0.55,0.158,0.107,0.296,0.17,0.7,0.323,0.335,0.231,6.0
0.23,0.301,0.26,0.075,0.119,0.169,0.332,0.425,0.409,0.114,0.231,5.0
0.646,0.185,0.69,0.13,0.139,0.225,0.102,0.685,0.283,0.168,0.369,6.0
0.31,0.514,0.0,0.089,0.12,0.127,0.088,0.477,0.402,0.102,0.215,5.0
0.363,0.452,0.51,0.055,0.673,0.155,0.212,0.452,0.205,0.503,0.123,5.0
0.283,0.36,0.0,0.075,0.117,0.099,0.035,0.465,0.504,0.156,0.215,6.0
0.274,0.185,0.12,0.055,0.142,0.254,0.074,0.432,0.331,0.096,0.154,5.0
0.478,0.212,0.33,0.123,0.139,0.38,0.293,0.612,0.378,0.21,0.246,5.0
0.257,0.315,0.14,0.089,0.109,0.366,0.191,0.457,0.425,0.156,0.215,5.0
0.319,0.137,0.42,0.096,0.144,0.028,0.011,0.366,0.417,0.132,0.6,6.0
0.195,0.356,0.03,0.096,0.105,0.183,0.088,0.395,0.488,0.15,0.308,6.0
0.442,0.205,0.35,0.082,0.119,0.225,0.113,0.452,0.386,0.198,0.415,6.0
0.283,0.301,0.19,0.062,0.154,0.155,0.145,0.465,0.354,0.359,0.169,5.0
0.097,0.329,0.0,0.034,0.085,0.141,0.042,0.135,0.559,0.138,0.585,6.0
0.398,0.116,0.33,0.079,0.085,0.169,0.074,0.374,0.409,0.305,0.508,7.0
0.327,0.408,0.15,0.062,0.129,0.127,0.163,0.494,0.386,0.263,0.169,5.0
0.381,0.353,0.37,0.055,0.419,0.056,0.198,0.516,0.205,0.455,0.138,5.0
0.381,0.322,0.39,0.096,0.139,0.056,0.057,0.626,0.496,0.15,0.292,5.0
0.726,0.339,0.66,0.336,0.119,0.085,0.127,0.891,0.26,0.24,0.246,7.0
0.274,0.315,0.01,0.062,0.127,0.155,0.042,0.412,0.457,0.138,0.323,7.0
0.389,0.226,0.49,0.116,0.12,0.282,0.244,0.634,0.48,0.144,0.2,5.0
0.159,0.164,0.21,0.089,0.058,0.352,0.148,0.48,0.575,0.263,0.2,6.0
0.345,0.151,0.44,0.055,0.112,0.07,0.021,0.439,0.614,0.18,0.354,5.0
0.23,0.308,0.05,0.096,0.115,0.211,0.106,0.409,0.504,0.162,0.292,6.0
0.027,0.205,0.0,0.082,0.06,0.211,0.127,0.108,0.764,0.246,0.862,7.0
0.274,0.39,0.05,0.123,0.105,0.197,0.074,0.538,0.409,0.168,0.108,5.0
0.257,0.178,0.48,0.116,0.102,0.296,0.276,0.523,0.457,0.222,0.185,4.0
0.177,0.315,0.0,0.089,0.147,0.69,0.201,0.394,0.669,0.21,0.462,6.0
0.274,0.449,0.42,0.068,0.134,0.099,0.283,0.428,0.386,0.156,0.169,5.0
0.531,0.616,0.43,0.137,0.107,0.352,0.29,0.612,0.268,0.144,0.262,6.0
0.363,0.493,0.0,0.034,0.088,0.324,0.095,0.391,0.417,0.132,0.2,5.0
0.301,0.329,0.22,0.082,0.114,0.338,0.35,0.445,0.441,0.096,0.231,5.0
0.274,0.349,0.08,0.068,0.107,0.197,0.074,0.487,0.457,0.126,0.169,6.0
0.469,0.322,0.07,0.171,0.15,0.437,0.23,0.74,0.449,0.228,0.215,5.0
0.513,0.082,0.46,0.062,0.105,0.07,0.053,0.553,0.402,0.413,0.369,7.0
0.186,0.377,0.02,0.068,0.082,0.352,0.127,0.354,0.512,0.293,0.385,6.0
0.761,0.233,0.52,0.089,0.098,0.155,0.102,0.773,0.283,0.138,0.092,6.0
0.186,0.137,0.44,0.103,0.082,0.324,0.099,0.35,0.433,0.281,0.492,7.0
0.257,0.274,0.4,0.089,0.08,0.155,0.049,0.343,0.409,0.186,0.523,6.0
0.336,0.329,0.1,0.089,0.122,0.183,0.371,0.465,0.323,0.198,0.215,5.0
0.159,0.462,0.0,0.089,0.088,0.38,0.163,0.272,0.591,0.114,0.492,5.0
0.54,0.212,0.39,0.089,0.157,0.099,0.092,0.626,0.118,0.102,0.185,5.0
0.071,0.425,0.0,0.021,0.048,0.211,0.141,0.184,1.0,0.156,0.631,6.0
0.389,0.178,0.41,0.103,0.152,0.07,0.014,0.438,0.307,0.15,0.538,7.0
0.602,0.096,0.44,0.185,0.098,0.07,0.046,0.626,0.299,0.293,0.138,6.0
0.195,0.39,0.0,0.322,0.187,0.282,0.184,0.707,0.567,0.234,0.277,5.0
0.336,0.164,0.32,0.089,0.115,0.437,0.258,0.465,0.441,0.234,0.4,6.0
0.319,0.144,0.39,0.11,0.104,0.394,0.148,0.383,0.457,0.329,0.615,7.0
0.31,0.411,0.09,0.13,0.12,0.239,0.152,0.685,0.543,0.234,0.415,6.0
0.159,0.349,0.21,0.048,0.114,0.155,0.092,0.501,0.661,0.198,0.215,5.0
0.301,0.212,0.36,0.096,0.105,0.127,0.148,0.553,0.472,0.078,0.154,5.0
0.549,0.116,0.42,0.048,0.12,0.254,0.074,0.395,0.425,0.24,0.538,6.0
0.646,0.185,0.69,0.13,0.139,0.225,0.102,0.685,0.283,0.168,0.369,6.0
0.301,0.041,0.37,0.0,0.062,0.493,0.364,0.0,0.118,0.066,0.662,6.0
0.478,0.322,0.31,0.089,0.13,0.352,0.198,0.685,0.346,0.18,0.277,6.0
0.257,0.349,0.27,0.075,0.119,0.225,0.3,0.447,0.409,0.15,0.215,6.0
0.204,0.332,0.12,0.671,0.102,0.549,0.272,0.678,0.559,0.114,0.154,6.0
0.142,0.233,0.29,0.082,0.104,0.437,0.325,0.419,0.465,0.174,0.215,5.0
0.23,0.178,0.3,0.062,0.102,0.423,0.226,0.498,0.535,0.156,0.169,6.0
0.327,0.315,0.13,0.137,0.14,0.183,0.201,0.612,0.339,0.174,0.108,6.0
0.327,0.366,0.12,0.096,0.119,0.197,0.378,0.479,0.339,0.198,0.215,5.0
0.204,0.377,0.06,0.082,0.114,0.099,0.095,0.615,0.74,0.228,0.185,5.0
0.54,0.158,0.53,0.116,0.097,0.056,0.035,0.523,0.323,0.192,0.4,8.0
0.168,0.315,0.0,0.089,0.14,0.028,0.025,0.404,0.693,0.174,0.477,4.0
0.416,0.408,0.24,0.082,0.097,0.056,0.049,0.479,0.299,0.156,0.231,5.0
0.168,0.274,0.11,0.062,0.102,0.169,0.113,0.399,0.472,0.114,0.138,5.0
0.239,0.178,0.21,0.075,0.114,0.085,0.102,0.443,0.465,0.084,0.169,5.0
0.195,0.253,0.22,0.096,0.098,0.169,0.064,0.316,0.528,0.299,0.446,6.0
0.619,0.281,0.66,0.188,0.182,0.07,0.028,0.568,0.244,0.246,0.477,7.0
0.522,0.082,0.47,0.082,0.09,0.07,0.064,0.568,0.323,0.341,0.4,7.0
0.248,0.329,0.26,0.082,0.119,0.225,0.3,0.447,0.433,0.138,0.215,6.0
0.212,0.295,0.13,0.089,0.105,0.197,0.102,0.428,0.488,0.156,0.2,6.0
0.292,0.151,0.42,0.075,0.124,0.099,0.046,0.396,0.48,0.162,0.462,6.0
0.221,0.363,0.18,0.062,0.097,0.169,0.12,0.509,0.551,0.162,0.108,5.0
0.283,0.199,0.68,0.055,0.76,0.239,0.223,0.531,0.268,0.587,0.138,5.0
0.717,0.322,0.45,0.096,0.117,0.141,0.057,0.729,0.205,0.222,0.138,6.0
0.265,0.205,0.08,0.123,0.12,0.197,0.148,0.494,0.37,0.156,0.246,5.0
0.133,0.281,0.08,0.068,0.109,0.324,0.138,0.383,0.677,0.21,0.292,6.0
0.044,0.318,0.0,0.055,0.053,0.183,0.283,0.189,0.646,0.365,0.692,7.0
0.575,0.226,0.73,0.158,0.09,0.07,0.057,0.626,0.339,0.198,0.431,6.0
0.549,0.192,0.41,0.089,0.12,0.085,0.039,0.612,0.268,0.204,0.138,6.0
0.133,0.356,0.02,0.103,0.095,0.352,0.141,0.258,0.575,0.072,0.4,5.0
0.646,0.171,0.69,0.096,0.11,0.155,0.064,0.421,0.205,0.192,0.677,6.0
0.717,0.329,0.49,0.13,0.105,0.056,0.046,0.685,0.315,0.144,0.462,5.0
0.23,0.199,0.3,0.082,0.119,0.479,0.233,0.509,0.551,0.114,0.154,5.0
0.673,0.226,0.49,0.034,0.105,0.028,0.0,0.501,0.307,0.18,0.308,5.0
0.115,0.048,0.21,0.055,0.055,0.789,0.456,0.245,0.457,0.066,0.169,5.0
0.186,0.438,0.02,0.062,0.11,0.07,0.021,0.435,0.638,0.18,0.238,3.0
0.726,0.493,0.63,0.103,0.127,0.169,0.102,0.707,0.283,0.162,0.308,6.0
0.257,0.267,0.02,0.055,0.12,0.169,0.088,0.39,0.488,0.126,0.323,6.0
0.319,0.329,0.17,0.096,0.1,0.141,0.237,0.457,0.362,0.072,0.138,5.0
0.478,0.205,0.5,0.171,0.159,0.085,0.053,0.575,0.409,0.359,0.523,6.0
